"gender","genderID","height","weight","shoeSize","schoolYear","pets","siblings","speed","cash","sleep","shoeNums","ageMother","ageFather","random","love","charity"
"female","female",64,88,7,"Freshman",1,0,0,20,7,4,48,50,2,"few",90
"male","male",73,151,10,"Sophomore",0,1,90,20,8,7,50,53,9,"millions",0
"male","male",73,175,12,"Freshman",2,4,109,40,6,9,45,48,3,"few",10
"female","female",60,125,5,"Sophomore",2,1,95,5,6,30,47,55,5,"few",100
"female","female",60,133,8,"Freshman",5,4,45,31,8.5,15,39,42,8,"one",50
"female","female",63,125,7,"Freshman",0,1,100,20,8,40,47,51,5,"dozens",100
"female","female",65,125,6.5,"Freshman",1,0,0,120,7,20,46,52,8,"thousands",70
"female","female",65,120,5.5,"Sophomore",0,1,0,6,7,5,49,53,2,"few",10
"male","male",71,165,10.5,"Sophomore",3,4,85,4,8,3,52,55,3,"few",0
"male","male",72,166,11.5,"Freshman",3,1,95,15,8,5,51,56,8,"few",75
"female","female",64,121,7,"Freshman",2,2,120,103,7,24,52,55,3,"few",99
"male","male",65,152,8,"Sophomore",2,2,40,10,7.5,3,50,47,6,"dozens",10
"female","female",64,115,7.5,"Sophomore",1,1,100,15,7,20,47,50,7,"few",100
"female","female",65,145,7.5,"Freshman",10,4,60,60,6.5,30,54,53,7,"one",50
"female","female",62,110,6.5,"Freshman",0,4,90,20,5.5,20,47,49,1,"one",100
"female","female",64,120,7.5,"Sophomore",2,1,90,0,7,20,51,51,5,"one",90
"male","male",72,170,11,"Sophomore",0,0,110,80,7,10,50,51,9,"few",10
"male","male",73,168,12.5,"Freshman",0,1,90,40,8,8,52,54,8,"thousands",100
"female","female",61,140,8,"Sophomore",0,1,100,40,8,40,55,59,5,"one",0
"female","female",68,137,8.5,"Freshman",2,2,92,50,7.5,13,46,46,7,"few",75
"female","female",66,159,7.5,"Sophomore",1,1,80,28,7,18,46,51,7,"few",100
"female","female",64,116,7.5,"Freshman",0,0,0,1000,7.5,6,42,45,2,"few",40
"male","male",71,165,8,"Freshman",3,2,100,4,6,21,39,42,3,"few",0
"female","female",67,150,9,"Sophomore",10,2,85,70,7,10,56,56,6,"one",98
"male","male",70,160,10.5,"Freshman",1,2,80,500,7,13,56,56,8,"none",10
"female","female",62,120,6.5,"Freshman",2,2,90,15,6,14,45,46,7,"one",70
"female","female",64,110,8,"Freshman",0,1,100,25,6,10,43,43,6,"few",70
"female","female",65,229,9.5,"Freshman",0,1,60,90,8,10,45,57,7,"few",75
"male","male",70,165,10.5,"Sophomore",0,1,80,1000,6,3,42,43,1,"hundreds",0
"female","female",65,127,7,"Freshman",0,1,57,1,5.5,7,38,49,7,"few",100
"male","male",72,155,13.5,"Freshman",10,3,90,0,5.5,15,36,37,5,"few",50
"female","female",58,84,4,"Sophomore",0,1,80,2,5,4,49,50,6,"one",90
"female","female",66,113,8.5,"Junior",1,0,0,1000,7,15,54,58,7,"millions",100
"female","female",69,140,9.5,"Sophomore",5,2,112,16,8,15,50,54,6,"few",100
"female","female",66,145,10,"Freshman",1,3,90,17,6.5,6,50,52,5,"few",20
"female","female",62,120,8.5,"Freshman",7,5,100,150,8,40,45,46,5,"few",50
"female","female",66,155,8,"Freshman",0,1,85,35,6,12,60,65,9,"few",50
"female","female",68,132,8.5,"Freshman",5,3,109,200,7,14,45,47,10,"few",80
"female","female",67,145,7.5,"Sophomore",4,1,105,25,7,20,52,56,6,"hundreds",90
"male","male",74,265,14,"Sophomore",0,2,110,20,6,20,47,50,7,"one",15
"female","female",68,157,10,"Sophomore",3,1,100,200,7,20,51,62,3,"dozens",80
"male","male",71,200,11.5,"Sophomore",2,1,110,50,8,5,47,47,10,"few",95
"male","male",72,165,11.5,"Freshman",4,2,92,40,9,10,50,54,7,"few",50
"male","male",74,215,13,"Sophomore",0,3,110,5,6.5,5,39,42,7,"few",50
"male","male",75,150,13,"Sophomore",4,1,0,0,9,4,49,50,7,"few",100
"male","male",71,170,11.5,"Freshman",0,1,90,200,7.5,4,51,54,7,"thousands",50
"female","female",64,155,10,"Sophomore",6,1,0,20,7,14,44,43,6,"few",50
"female","female",64,135,7.5,"Freshman",4,0,92,10,8,10,42,41,7,"few",92
"male","male",69,135,9.5,"Freshman",3,3,105,37,7.5,2,51,63,2,"thousands",95
"male","male",73,157,11.5,"Sophomore",5,2,90,20,6,7,55,55,8,"one",30
"male","male",72,220,12,"Junior",2,0,120,51,8,7,63,61,1,"thousands",40
"female","female",67,140,10,"Freshman",0,2,75,20,8,8,53,53,9,"millions",90
"female","female",69,180,11,"Sophomore",5,2,80,22,7,100,48,52,6,"hundreds",45
"female","female",67,156,9,"Sophomore",2,2,105,66,7.5,15,51,53,9,"few",100
"male","male",66,143,8,"Freshman",4,3,110,100,6.5,6,50,50,6,"one",95
"female","female",63,142,8,"Junior",5,3,90,15,6,15,50,55,7,"one",100
"female","female",63,116,6.5,"Freshman",3,1,63,400,9.5,11,52,53,8,"few",20
"female","female",64,130,7.5,"Sophomore",0,3,0,75,7.5,5,53,53,4,"few",75
"female","female",61,125,8,"Sophomore",1,0,80,30,8,20,45,49,6,"one",10
"female","female",65,125,7.5,"Sophomore",3,2,95,25,7,10,54,53,5,"thousands",100
"female","female",66,150,8,"Freshman",0,1,85,30,6.5,30,48,47,5,"one",50
"female","female",66,137,7.5,"Freshman",8,2,107,87,6,10,46,47,3,"dozens",50
"female","female",68,133,8.5,"Freshman",10,1,70,27,7.5,23,47,46,9,"few",97
"female","female",64,130,7.5,"Freshman",0,2,85,54,7,11,44,44,8,"few",100
"female","female",64,138,9,"Freshman",0,0,60,100,5,15,41,43,5,"few",30
"female","female",68,140,9,"Freshman",5,3,93,9,7,20,51,50,7,"one",25
"female","female",69,126,10.5,"Freshman",18,4,40,0,8,4,45,47,7,"millions",50
"female","female",61,120,7,"Freshman",3,1,80,7,8,16,44,49,8,"dozens",50
"female","female",64,140,8.5,"Sophomore",2,2,100,30,7.5,8,53,55,8,"hundreds",25
"female","female",68,150,8.5,"Sophomore",4,1,105,700,8.5,15,59,54,8,"few",75
"female","female",66,126,7.5,"Freshman",2,2,95,5,8,9,46,47,6,"few",75
"female","female",69,170,10.5,"Sophomore",0,3,101,5,7,10,48,48,7,"one",100
"female","female",71,150,9,"Sophomore",6,3,101,15,8,6,53,54,4,"few",100
"male","male",72,148,11,"Sophomore",7,2,127,20,6,7,55,50,4,"thousands",50
"male","male",70,161,9,"Sophomore",0,2,120,0,8,5,47,50,3,"one",10
"female","female",62,103,8.5,"Freshman",0,0,89,0,8,2,55,55,7,"few",50
"male","male",69,175,11,"Junior",2,2,105,10,7,4,56,61,9,"few",80
"male","male",74,190,13,"Sophomore",1,2,100,30,7,5,52,55,1,"dozens",80
"female","female",66,135,7,"Freshman",2,2,85,0,7,20,50,56,6,"few",100
"female","female",71,107,4,"Freshman",0,1,95,0,6,7,45,45,6,"few",10
"female","female",64,115,7.5,"Sophomore",8,1,105,0,8,15,57,59,2,"dozens",75
"female","female",61,93,5.5,"Freshman",0,2,85,60,6.5,28,45,51,7,"one",100
"female","female",64,140,7,"Freshman",0,2,120,0,7.5,12,44,43,6,"millions",75
"female","female",60,109,6,"Sophomore",1,3,0,40,8,10,53,56,6,"few",50
"female","female",66,130,8.5,"Sophomore",2,3,100,200,9.5,25,46,46,2,"few",0
"female","female",63,120,7.5,"Sophomore",2,1,90,20,7,15,49,51,3,"one",100
"female","female",64,145,9,"Sophomore",3,1,91,60,7,45,53,55,9,"few",50
"female","female",62,115,7.5,"Sophomore",4,2,105,0,8,5,50,56,7,"dozens",30
"female","female",64,145,7,"Freshman",0,1,90,35,7,14,47,49,7,"few",50
"male","male",73,163,11.5,"Freshman",1,2,88,1,6,2,54,50,9,"hundreds",75
"female","female",67,140,8,"Freshman",1,1,100,40,7,10,55,64,7,"few",50
"female","female",62,137,7,"Sophomore",3,6,90,200,5.5,22,44,44,6,"one",75
"female","female",64,115,8.5,"Sophomore",7,2,0,0,8.5,9,43,53,3,"few",40
"male","male",68,150,9.5,"Sophomore",0,4,0,150,6,7,65,65,6,"millions",30
"male","male",66,140,10,"Freshman",0,0,0,100,5.5,3,45,47,10,"millions",0
"female","female",67,155,8,"Freshman",1,1,120,10,7,20,43,42,7,"one",50
"female","female",67,150,9,"Freshman",1,2,89,300,8,10,50,51,9,"few",20
"female","female",66,150,8.5,"Freshman",8,1,90,0,7.5,10,41,44,6,"few",70
"female","female",64,180,9,"Freshman",4,2,102,60,6,20,45,45,7,"one",60
"female","female",64,130,8,"Freshman",0,1,70,20,7.5,11,58,58,7,"dozens",75
"male","male",71,165,10,"Sophomore",0,3,115,60,8,5,52,58,8,"few",100
"male","male",69,160,9.5,"Freshman",6,2,110,2,7.5,10,50,55,7,"few",100
"female","female",64,125,7,"Sophomore",2,3,90,0,5.5,14,47,56,10,"few",90
"male","male",64,125,9,"Sophomore",0,0,115,20,8,7,43,47,7,"one",20
"female","female",61,113,6,"Sophomore",6,1,115,30,7,33,44,48,7,"one",25
"male","male",73,149,10.5,"Other",5,5,80,44,7,6,48,48,5,"millions",100
"female","female",63,105,7,"Freshman",0,1,39,50,6.5,7,52,56,3,"none",50
"female","female",68,147,7.5,"Sophomore",4,1,85,70,7,22,57,58,7,"few",55
"male","male",74,165,9.5,"Sophomore",0,1,0,60,8,2,50,55,2,"one",0
"female","female",68,146,10,"Junior",3,3,100,41,6.5,10,45,45,2,"few",35
"female","female",67,130,8.5,"Senior",1,3,49,6,6.5,4,52,55,9,"few",5
"female","female",68,105,8,"Freshman",0,2,100,100,4,35,48,48,2,"hundreds",99
"female","female",62,118,8,"Sophomore",2,2,100,16,6.5,50,53,58,8,"one",100
"female","female",66,137,8,"Freshman",1,9,77,0,7,5,54,54,7,"one",100
"female","female",61,125,5,"Sophomore",0,1,69,110,6,7,43,48,5,"few",20
"male","male",67,116,9.5,"Freshman",0,1,50,80,8,6,47,55,7,"one",25
"male","male",73,186,12,"Junior",1,2,90,0,10,22,46,44,4,"hundreds",80
"female","female",68,166,9,"Freshman",1,2,88,4,7,10,44,47,8,"one",100
"female","female",62,113,6,"Sophomore",1,1,80,3,6,20,48,56,3,"one",30
"female","female",67,138,8.5,"Senior",9,4,95,0,6.5,22,53,53,6,"hundreds",6
"male","male",69,205,10.5,"Sophomore",9,1,120,2,7,2,44,46,7,"one",0
"female","female",66,160,9,"Junior",1,1,80,300,5,8,48,49,8,"one",95
"female","female",67,195,9,"Freshman",1,4,120,35,9,5,52,53,8,"dozens",50
"female","female",68,112,9.5,"Sophomore",0,0,90,50,7,12,58,57,4,"few",75
"female","female",65,135,9,"Sophomore",2,0,100,40,8,18,52,51,8,"hundreds",10
"female","female",69,150,10,"Freshman",0,1,80,10,7,5,54,56,1,"few",50
"female","female",60,100,6.5,"Freshman",0,1,65,200,8.5,13,50,58,6,"one",90
"male","male",75,155,12,"Sophomore",5,1,130,26,7.5,8,44,48,6,"few",30
"female","female",62,115,7.5,"Sophomore",2,1,85,200,7,17,48,58,4,"one",70
"male","male",69,171,10.5,"Freshman",0,2,0,5,7,12,54,55,9,"one",100
"female","female",66,160,9,"Junior",0,2,105,10,8,25,55,55,7,"few",90
"female","female",60,108,6.5,"Freshman",1,1,0,200,6,10,56,57,3,"few",75
"female","female",66,165,9.5,"Sophomore",6,6,85,75,7,5,56,64,8,"few",85
"male","male",72,160,11,"Sophomore",2,1,100,30,6,7,61,63,5,"one",100
"female","female",66,150,8,"Freshman",0,2,90,7,6.5,15,53,54,2,"few",40
"female","female",63,145,10,"Sophomore",0,2,90,35,8,27,53,53,4,"few",100
"female","female",64,120,6,"Freshman",0,2,80,40,8,8,55,60,4,"one",40
"male","male",77,180,14,"Junior",2,3,142,1,7,3,55,57,5,"thousands",50
"male","male",73,240,11.5,"Sophomore",1,3,85,120,7,6,60,60,4,"one",45
"female","female",64,114,8.5,"Freshman",4,2,91,25,8.5,11,54,56,7,"few",40
"female","female",69,135,9,"Junior",0,1,110,30,8,15,48,50,7,"hundreds",40
"male","male",70,155,10,"Sophomore",2,4,150,0,7,10,52,56,8,"hundreds",1
"male","male",74,170,11,"Freshman",1,2,110,60,8.5,6,53,53,2,"one",80
"female","female",68,225,11,"Freshman",2,3,0,10,6,6,42,47,5,"one",25
"male","male",68,180,10,"Junior",1,2,105,20,5,6,50,65,9,"hundreds",22
"male","male",76,215,11.5,"Sophomore",4,2,145,20,8,3,50,51,4,"few",0
"male","male",72,160,12,"Freshman",1,1,80,200,6,8,53,59,9,"hundreds",0
"male","male",69,140,10.5,"Freshman",4,2,115,600,8.5,25,53,54,4,"few",90
"male","male",71,180,10,"Sophomore",2,2,90,51,4,10,46,47,7,"few",50
"female","female",65,111,7,"Freshman",4,1,80,0,5,7,48,50,1,"one",80
"female","female",70,203,9.5,"Sophomore",0,2,70,40,6.5,20,59,60,4,"millions",35
"male","male",74,229,11.5,"Junior",13,3,126,56,6.5,9,47,49,4,"dozens",99
"female","female",60,120,4,"Freshman",1,2,85,35,6.5,15,52,54,6,"few",25
"male","male",73,180,10.5,"Senior",5,1,105,49,8,12,52,55,4,"hundreds",98
"female","female",65,170,8,"Sophomore",5,1,90,0,7,12,49,50,3,"one",70
"female","female",67,160,8.5,"Freshman",5,1,110,11,8,10,55,45,2,"few",30
"female","female",68,140,8.5,"Sophomore",2,2,90,10,8,50,63,65,3,"one",50
"female","female",66,123,7.5,"Junior",4,2,25,105,8,5,45,48,6,"few",50
"female","female",59,160,5.5,"Freshman",3,8,0,10,8.5,13,38,38,5,"one",38
"female","female",66,160,8.5,"Freshman",1,2,85,2,5.5,12,53,53,4,"one",75
"male","male",75,195,15,"Junior",7,2,110,42,7,3,55,62,8,"few",20
"male","male",65,130,11,"Sophomore",0,3,85,37,8,9,51,56,9,"millions",80
"female","female",68,172,8.5,"Sophomore",0,4,60,0,6.5,8,53,62,6,"few",98
"male","male",71,165,10.5,"Sophomore",3,2,138,300,7,10,44,45,6,"one",0
"male","male",63,120,9,"Sophomore",0,1,100,0,7,7,53,65,3,"few",60
"female","female",67,135,8.5,"Sophomore",1,4,85,0,7.5,14,57,59,7,"few",99
"female","female",66,160,8,"Sophomore",3,2,80,0,6.5,8,48,57,9,"dozens",40
"female","female",67,195,10,"Sophomore",1,3,75,35,7.5,30,48,52,8,"few",95
"male","male",67,178,10,"Sophomore",0,1,100,700,7,6,41,41,10,"one",100
"female","female",61,115,6,"Freshman",2,2,90,10,8.5,13,51,50,4,"one",30
"male","male",70,255,11,"Freshman",0,1,100,80,7.5,10,42,42,7,"few",10
"female","female",65,135,8,"Freshman",3,1,100,29,8,25,49,45,9,"one",60
"female","female",65,120,5.5,"Freshman",0,3,40,0,6.5,5,40,40,3,"one",100
"female","female",66,120,8.5,"Freshman",2,1,110,10,6,20,54,55,4,"one",30
"female","female",65,157,8,"Sophomore",6,0,100,42,9,13,48,60,7,"one",10
"female","female",64,131,6,"Freshman",10,3,100,0,6,13,44,44,2,"dozens",95
"male","male",72,200,11.5,"Sophomore",3,2,118,0,8,4,48,49,7,"one",100
"female","female",68,140,9,"Freshman",2,0,85,18,7.5,14,48,48,7,"few",75
"female","female",62,133,7.5,"Freshman",10,2,50,22,6,7,43,45,4,"one",76
"female","female",63,115,8,"Sophomore",0,1,90,60,6,25,52,52,8,"hundreds",95
"female","female",65,130,8,"Freshman",3,2,90,101,6,40,47,48,7,"one",75
"female","female",69,80,10,"Sophomore",0,1,100,0,7,40,52,51,2,"few",100
"male","male",72,256,15,"Sophomore",0,1,108,71,7.5,10,51,49,3,"dozens",10
"female","female",62,124,7,"Freshman",2,2,110,150,8,13,52,56,4,"one",25
"female","female",62,175,9,"Sophomore",4,2,100,0,6.5,14,46,47,2,"few",40
"female","female",64,135,7,"Freshman",2,2,80,20,6.5,26,45,44,8,"few",85
"female","female",65,145,9.5,"Freshman",5,1,90,40,6.5,30,56,59,7,"thousands",60
"female","female",63,127,8,"Freshman",2,2,92,300,8,35,48,48,8,"few",80
"male","male",67,165,8.5,"Junior",0,1,70,1000,8,5,52,53,10,"thousands",20
"female","female",67,108,7.5,"Graduate",2,0,0,15,8,9,48,56,7,"few",50
"female","female",63,143,8,"Freshman",2,1,80,200,7,30,56,59,7,"one",100
"female","female",68,170,9,"Freshman",3,2,0,30,8,5,40,47,7,"one",100
"female","female",64,111,8,"Freshman",6,2,92,19,7,10,49,62,2,"one",100
"female","female",63,128,7,"Freshman",6,6,85,0,7.5,10,48,52,6,"one",50
"male","male",70,150,9,"Freshman",4,3,100,10,9,6,50,54,7,"millions",100
"female","female",65,170,8.5,"Freshman",1,1,0,0,8,10,54,58,8,"one",100
"male","male",72,300,11,"Junior",0,5,120,10,8,58,51,57,3,"few",30
"female","female",64,124,8.5,"Freshman",4,2,65,72,7,7,54,57,2,"few",2
"female","female",64,132,7.5,"Sophomore",5,3,45,50,8,10,62,64,6,"one",100
"female","female",66,120,7.5,"Freshman",1,3,95,30,8,20,45,48,4,"few",75
"female","female",67,140,9,"Sophomore",0,2,70,12,8,20,50,51,8,"hundreds",100
"female","female",66,106,7.5,"Sophomore",9,1,100,120,8,12,50,61,8,"few",0
"female","female",64,170,9,"Freshman",1,2,100,80,7,10,57,65,8,"hundreds",25
"female","female",59,112,7,"Sophomore",1,1,60,100,4.5,7,42,47,7,"one",90
"female","female",66,157,10.5,"Freshman",3,4,90,0,4.5,8,44,46,3,"one",96
"female","female",63,120,6.5,"Freshman",4,2,102,8,7,16,51,54,2,"one",60
"male","male",66,230,9.5,"Sophomore",3,2,98,4,6.5,4,64,65,8,"one",70
"female","female",66,128,8,"Freshman",3,2,90,200,7,20,53,59,3,"one",100
"male","male",69,212,10.5,"Sophomore",2,2,100,40,8.5,10,52,54,3,"dozens",90
"female","female",67,130,8,"Freshman",2,2,102,0,7,11,51,49,3,"one",50
"female","female",67,125,7,"Sophomore",5,3,95,49,7,30,48,50,7,"one",100
"male","male",71,180,11,"Freshman",1,2,137,130,7.5,3,60,58,7,"few",10
"female","female",63,115,7.5,"Sophomore",3,3,107,200,9,20,51,58,6,"thousands",100
"female","female",65,140,8,"Sophomore",2,1,97,0,7,20,57,55,4,"few",90
"female","female",63,156,7.5,"Sophomore",5,2,95,1,6.5,18,42,41,6,"few",85
"male","male",69,165,8.5,"Sophomore",0,0,0,200,7,5,47,53,7,"one",100
"female","female",67,128,9.5,"Freshman",0,1,80,20,7,15,47,48,2,"one",2
"male","male",66,170,9,"Freshman",4,2,130,80,7,10,55,50,4,"few",50
"female","female",68,135,9,"Sophomore",4,1,90,7,8,20,44,45,9,"dozens",100
"female","female",65,145,8,"Freshman",4,2,80,15,8.5,5,53,57,4,"few",60
"female","female",66,160,8.5,"Freshman",0,0,80,20,6.5,15,48,64,6,"few",40
"male","male",69,162,9,"Sophomore",1,3,50,15,5,7,41,42,3,"millions",100
"female","female",64,170,8.5,"Freshman",10,1,90,1,6,20,49,46,10,"thousands",65
"female","female",63,151,7.5,"Sophomore",0,2,0,110,7.5,20,49,43,5,"one",50
"female","female",61,105,4.5,"Freshman",8,4,115,3,7,20,42,37,6,"few",65
"female","female",64,153,9,"Freshman",1,2,86,65,6,8,53,54,8,"few",82
"female","other",63,140,8,"Freshman",1,2,100,0,5.5,6,45,59,4,"none",90
"male","male",70,170,11,"Freshman",2,2,80,140,7,11,53,53,5,"one",100
"female","female",64,157,8,"Sophomore",4,1,90,10,8,40,56,61,9,"few",100
"female","female",64,110,7,"Sophomore",1,2,90,2,7.5,20,54,55,1,"one",85
"female","female",62,110,8.5,"Sophomore",11,8,120,90,6.5,8,39,45,7,"one",100
"female","female",66,130,6.5,"Sophomore",1,7,70,15,5.5,5,41,43,3,"few",50
"female","female",64,110,6,"Freshman",2,2,100,20,6,10,50,50,7,"few",50
"female","female",63,140,7,"Freshman",3,2,85,0,6.5,20,50,49,7,"few",75
"female","female",64,114,7.5,"Freshman",1,2,77,86,6.5,13,52,53,7,"one",75
"female","female",67,176,9,"Junior",15,3,90,6,7,11,49,52,7,"few",60
"female","female",68,140,9.5,"Freshman",0,1,80,14,8,13,37,37,6,"few",30
"female","female",62,130,8.5,"Junior",2,2,65,20,10,18,50,53,8,"few",90
"male","male",71,158,11,"Sophomore",2,3,105,12,7,5,45,45,8,"hundreds",18
"female","female",63,130,7.5,"Freshman",3,5,100,40,6.5,17,44,47,7,"dozens",70
"male","male",69,152,11,"Freshman",5,3,85,0,8,5,51,49,5,"dozens",30
"female","female",64,172,9,"Freshman",3,3,70,20,8,38,41,41,6,"one",50
"male","male",74,155,13,"Sophomore",0,2,65,0,6,7,50,53,7,"few",80
"male","male",73,162,11,"Freshman",0,2,100,40,8,7,45,45,6,"one",100
"female","female",62,133,7,"Freshman",1,1,80,29,6.5,22,52,52,8,"few",40
"female","female",66,130,8,"Freshman",1,5,70,80,8,12,53,53,8,"one",80
"female","female",66,132,9,"Freshman",3,1,85,64,7,23,49,49,4,"few",90
"male","male",66,116,8,"Sophomore",0,4,45,120,8,10,47,49,3,"few",5
"female","female",61,123,6,"Senior",3,2,110,1,6,16,52,56,3,"few",10
"female","female",64,125,7,"Sophomore",4,3,90,25,8,10,50,49,6,"few",90
"male","male",70,195,10.5,"Sophomore",1,2,100,1000,7,10,40,45,5,"few",5
"male","male",72,180,11,"Junior",2,1,83,10,7.5,8,49,53,8,"one",40
"male","male",68,170,10.5,"Sophomore",0,0,80,40,8,5,45,46,7,"few",40
"female","female",63,120,7.5,"Sophomore",0,2,70,2,6.5,10,54,58,6,"few",20
"male","male",70,185,12,"Sophomore",0,1,102,0,6,15,52,57,10,"one",10
"female","female",67,122,7.5,"Freshman",0,2,100,200,7,14,62,57,4,"dozens",63
"female","female",65,125,7.5,"Sophomore",2,2,100,25,7,20,53,49,7,"few",90
"male","male",69,145,11,"Sophomore",1,2,95,200,7.5,5,47,50,1,"few",100
"female","female",67,130,10,"Junior",1,1,100,0,7.5,12,51,53,7,"few",20
"female","female",63,145,7,"Sophomore",2,2,108,77,8,18,53,54,3,"one",40
"female","female",64,117,6,"Freshman",2,1,110,200,7,40,43,44,7,"few",10
"male","male",72,150,12,"Freshman",2,3,120,1,6,16,50,53,8,"millions",0
"male","male",72,192,12,"Sophomore",1,1,102,0,6.5,6,51,53,4,"few",75
"male","male",71,200,11.5,"Freshman",9,3,95,29,7,10,36,45,7,"few",60
"female","female",66,128,9.5,"Sophomore",4,2,80,1,6.5,18,51,50,2,"one",100
"female","female",66,120,7.5,"Sophomore",0,0,100,0,7,17,52,52,6,"few",75
"female","female",63,110,7,"Freshman",0,2,40,40,8,4,50,51,7,"hundreds",40
"male","male",70,148,11,"Freshman",4,1,100,40,9,5,48,48,7,"few",50
"male","male",69,170,9.5,"Sophomore",1,2,90,29,7.5,8,51,52,8,"hundreds",70
"female","female",62,132,7.5,"Junior",1,2,85,22,8,12,51,51,9,"one",100
"female","female",65,130,8,"Sophomore",2,2,100,120,7,25,43,52,8,"few",50
"female","female",67,129,7.5,"Sophomore",2,2,110,500,6.5,25,46,46,4,"few",35
"male","male",73,150,11.5,"Sophomore",3,1,80,0,7,3,52,52,7,"few",75
"female","female",62,130,8,"Junior",6,0,80,5,6.5,12,53,53,7,"few",100
"male","male",76,275,13,"Sophomore",1,1,105,35,7,12,50,48,3,"dozens",20
"female","female",59,105,5.5,"Sophomore",3,4,88,1000,8,20,52,53,10,"one",50
"female","female",62,101,6,"Sophomore",1,4,24,6,7.5,5,40,37,3,"few",3
"male","male",74,155,13,"Junior",7,1,120,0,5.5,8,45,51,7,"few",80
"male","male",73,218,13.5,"Sophomore",9,1,135,300,7,6,47,65,8,"one",80
"female","female",65,155,9,"Junior",7,2,70,14,8.5,10,44,46,9,"millions",90
"male","male",71,185,12,"Sophomore",1,1,118,90,8.5,10,58,52,8,"hundreds",100
"female","female",67,174,10,"Sophomore",10,1,36,200,6,3,43,46,4,"one",18
"male","male",69,170,9.5,"Sophomore",20,2,90,100,8.5,16,42,43,3,"few",10
"female","female",66,160,9.5,"Freshman",5,2,100,60,8,15,48,47,7,"few",100
"male","male",80,200,10.5,"Freshman",2,6,90,8,7,8,44,47,7,"hundreds",20
"female","female",68,145,8.5,"Sophomore",3,2,100,0,8.5,24,51,52,6,"one",6
"female","female",63,130,7.5,"Freshman",3,2,85,15,7,20,52,55,5,"one",40
"female","female",62,110,7.5,"Freshman",0,2,30,50,5,7,38,45,5,"millions",70
"female","female",63,140,8,"Sophomore",2,2,0,20,8,18,36,42,3,"few",12
"male","male",68,160,8.5,"Sophomore",0,1,75,60,6,3,48,54,2,"millions",20
"female","female",61,108,6.5,"Freshman",1,2,80,40,7.5,8,51,51,8,"dozens",100
"female","female",61,104,6.5,"Freshman",0,2,40,35,9,5,44,41,2,"one",90
"male","male",72,190,12.5,"Freshman",1,2,100,10,6.5,6,49,54,9,"hundreds",2
"male","male",69,160,10,"Sophomore",3,2,110,0,5,20,55,56,7,"hundreds",50
"female","female",65,127,7.5,"Freshman",0,0,80,150,8,10,48,48,5,"few",70
"female","female",62,112,6.5,"Freshman",0,0,0,55,8,25,46,46,9,"few",65
"female","female",64,125,8.5,"Sophomore",1,1,80,140,8,40,44,42,8,"thousands",30
"male","male",69,165,10.5,"Sophomore",1,0,91,150,6.5,20,46,53,3,"one",90
"male","male",67,200,9.5,"Sophomore",5,1,70,29,5.5,3,54,63,8,"dozens",60
"male","male",74,280,14,"Sophomore",2,0,100,4,7.5,1,50,65,2,"millions",25
"female","female",66,135,8.5,"Junior",4,3,100,0,10,15,52,53,3,"one",45
"male","male",68,184,9,"Freshman",4,2,110,87,6,16,35,35,7,"one",100
"female","female",63,125,7,"Sophomore",0,1,90,21,8,30,49,53,6,"one",25
"female","female",65,190,8.5,"Sophomore",17,5,0,0,7.5,6,37,39,5,"few",70
"female","female",64,130,9,"Sophomore",30,1,110,20,6.5,40,56,60,7,"few",30
"female","female",68,146,10,"Freshman",1,4,100,60,6,10,41,39,3,"few",20
"female","female",65,140,7.5,"Junior",5,2,90,30,8,12,55,65,7,"few",90
"female","female",62,135,7,"Sophomore",4,2,90,34,8.5,5,51,51,3,"few",70
"male","male",71,167,11.5,"Sophomore",4,2,100,2,7.5,4,52,53,7,"thousands",50
"female","female",62,128,7.5,"Freshman",1,3,70,0,7,7,39,38,10,"dozens",7
"male","male",75,300,12,"Sophomore",30,3,130,0,6.5,4,47,46,7,"few",50
"female","female",62,130,7.5,"Freshman",1,1,0,20,7,10,53,55,2,"few",90
"male","male",73,210,14,"Freshman",6,1,105,37,6,12,50,56,6,"one",10
"male","male",70,202,10.5,"Freshman",5,2,101,1000,8,9,61,64,1,"hundreds",45
"male","male",70,145,9.5,"Freshman",0,2,90,30,7,5,50,51,5,"dozens",45
"female","female",63,140,7,"Sophomore",0,2,99,1000,10.5,10,53,54,2,"few",15
"female","female",64,145,6.5,"Sophomore",5,1,85,15,7,15,60,63,5,"few",25
"female","female",67,127,8,"Sophomore",0,1,80,200,7,10,53,58,5,"few",40
"female","female",72,150,12,"Sophomore",1,1,110,110,7.5,24,52,52,8,"few",70
"female","female",63,150,7.5,"Junior",3,2,92,80,6.5,15,52,53,3,"few",50
"male","male",67,150,10,"Sophomore",1,1,110,150,8,6,45,50,1,"one",60
"female","female",64,126,7,"Sophomore",1,1,100,13,7,8,48,49,7,"few",100
"male","male",73,252,13,"Freshman",10,5,85,1,5.5,6,42,42,7,"few",100
"female","female",65,142,8.5,"Freshman",2,2,80,2,5,17,40,46,6,"few",91
"female","female",68,135,11,"Freshman",2,1,100,20,6,10,56,56,6,"few",60
"female","female",63,105,7,"Freshman",1,2,110,100,5,10,49,49,6,"none",85
"female","female",62,133,7,"Freshman",3,1,75,50,7,14,48,50,7,"one",100
"female","female",58,100,5,"Freshman",0,1,100,40,6,12,55,59,8,"few",90
"male","male",73,182,10,"Sophomore",1,1,135,80,7,15,40,41,7,"few",30
"female","female",61,130,7,"Sophomore",6,5,100,2,8,20,45,43,8,"one",75
"female","female",63,110,6.5,"Sophomore",0,2,100,50,8.5,12,52,52,10,"few",50
"female","female",64,245,9,"Junior",2,3,90,100,6.5,9,53,56,5,"few",30
"male","male",71,140,10,"Sophomore",0,0,110,1000,8,7,51,51,4,"millions",70
"male","male",71,165,11,"Sophomore",2,2,95,10,5,3,50,51,4,"millions",10
"female","female",67,138,8,"Freshman",5,1,90,40,7,30,50,52,7,"one",30
"female","female",66,115,7,"Freshman",3,1,110,50,8,10,53,52,4,"one",92
"male","male",72,153,11,"Freshman",0,3,97,0,7,5,49,50,8,"few",75
"female","female",66,110,7.5,"Sophomore",4,2,105,22,8.5,15,40,40,6,"few",25
"female","female",64,150,8.5,"Freshman",6,1,95,130,8,7,47,54,8,"few",98
"female","female",68,121,8,"Sophomore",0,2,50,50,8,20,49,49,7,"one",50
"male","male",70,170,10.5,"Sophomore",0,2,100,1,8.5,6,56,55,3,"millions",5
"female","female",62,107,6.5,"Freshman",0,2,40,80,6,7,43,45,3,"dozens",50
"female","female",68,150,8.5,"Freshman",4,3,105,0,5,60,48,48,2,"few",50
"female","female",64,120,8,"Freshman",1,3,115,20,7,10,56,56,4,"few",50
"female","female",62,125,7,"Freshman",4,2,100,40,6.5,25,42,50,3,"few",50
"female","female",68,137,11,"Sophomore",3,1,100,5,7,10,52,52,5,"one",98
"female","female",65,155,7.5,"Sophomore",0,1,85,50,7.5,30,50,56,6,"few",95
"female","female",66,116,7.5,"Freshman",3,2,85,120,7,20,51,59,6,"few",50
"female","female",70,148,9,"Freshman",3,2,90,45,7,25,52,51,5,"few",100
"male","male",66,142,9,"Sophomore",6,4,85,6,7,5,51,57,3,"one",100
"male","male",69,155,11,"Sophomore",3,2,120,20,7,5,55,57,7,"few",100
"female","female",64,120,7.5,"Junior",4,2,95,20,6.5,15,52,52,6,"few",60
"female","female",63,136,8,"Sophomore",0,1,80,150,7,17,52,64,2,"few",30
"male","male",67,150,9.5,"Freshman",2,2,86,45,7.5,4,51,52,5,"hundreds",50
"female","female",59,130,5,"Freshman",3,5,40,0,7,20,41,42,7,"one",80
"female","female",64,125,8,"Freshman",2,1,100,40,7,20,49,49,3,"one",5
"female","female",68,130,8.5,"Junior",4,2,115,300,7.5,25,56,56,7,"millions",100
"male","male",68,225,10,"Sophomore",4,1,110,25,8.5,5,49,57,7,"few",50
"female","female",66,130,8,"Sophomore",0,2,60,0,6.5,5,44,44,3,"one",5
"female","other",62,121,6.5,"Freshman",1,1,82,15,8,5,65,64,8,"hundreds",75
"male","male",65,135,9.5,"Sophomore",4,1,100,0,8.5,8,45,50,1,"hundreds",40
"female","female",64,132,8.5,"Freshman",9,2,98,120,7.5,11,42,46,7,"few",100
"female","female",66,230,10.5,"Senior",2,0,80,10,8,10,50,52,9,"few",50
"female","female",62,150,7.5,"Sophomore",0,1,85,5,7.5,10,47,50,2,"one",25
"female","female",65,150,8.5,"Freshman",1,2,98,22,7,5,60,57,3,"few",99
"female","female",68,150,9,"Sophomore",2,1,95,14,8,3,50,50,5,"none",75
"female","female",62,133,8,"Freshman",1,1,90,200,7.5,25,48,48,5,"few",75
"female","female",66,125,7.5,"Freshman",1,2,90,140,6,15,50,60,3,"one",100
"female","female",62,113,6.5,"Freshman",3,1,93,95,8,10,44,46,3,"few",95
"female","female",63,125,6.5,"Freshman",0,1,85,70,7,10,55,53,8,"hundreds",100
"male","male",72,205,10.5,"Freshman",2,2,0,150,7,9,50,53,2,"one",10
"male","male",71,200,13,"Junior",2,1,0,0,7.5,5,44,52,9,"few",95
"female","female",69,175,10,"Freshman",1,5,45,50,6,8,48,49,5,"none",60
"male","male",72,160,9.5,"Freshman",0,0,0,150,8,10,50,46,6,"few",25
"female","female",64,120,7,"Freshman",3,1,90,10,7.5,25,47,52,1,"few",95
"male","male",68,145,9,"Freshman",0,1,100,500,6,20,45,44,5,"few",30
"female","female",63,210,9.5,"Sophomore",0,4,86,25,6.5,18,46,42,3,"one",100
"male","male",69,138,9,"Freshman",1,2,85,800,7.5,4,45,45,10,"few",20
"female","female",64,125,6.5,"Freshman",3,2,95,20,8,15,49,52,4,"one",100
"male","male",73,193,13,"Sophomore",0,2,75,25,8,4,47,47,7,"none",100
"male","male",70,170,10.5,"Sophomore",4,3,90,20,7,10,42,44,10,"few",50
"male","male",71,145,10.5,"Freshman",2,3,100,1,7,13,43,44,1,"few",85
"male","male",75,204,13,"Sophomore",7,9,90,5,8,2,62,61,7,"one",100
"male","male",67,142,9,"Freshman",4,2,80,100,5,18,35,36,1,"one",100
"female","female",66,132,7.5,"Freshman",6,1,90,1,7,8,48,50,3,"one",40
"female","female",60,103,6.5,"Sophomore",0,1,80,50,7,8,52,49,7,"one",60
"female","female",65,121,7.5,"Freshman",0,0,0,40,7,6,46,46,6,"few",60
"male","male",66,140,8.5,"Junior",2,2,80,300,6,10,48,49,7,"few",50
"female","female",69,140,8.5,"Freshman",2,1,80,60,7,25,46,50,7,"few",10
"female","female",61,123,7,"Junior",0,4,65,50,6,5,59,59,5,"one",50
"male","male",70,167,9.5,"Freshman",1,1,99,0,5,3,41,37,6,"dozens",90
"female","female",69,165,10.5,"Sophomore",0,1,90,68,8.5,15,57,55,4,"few",20
"male","male",66,140,8,"Freshman",2,1,80,22,7.5,8,55,55,7,"one",95
"male","male",76,265,13,"Freshman",2,1,90,300,7,11,49,56,10,"one",20
"male","male",65,90,9,"Freshman",2,1,0,20,7,4,49,51,3,"millions",0
"female","female",65,120,7.5,"Freshman",1,2,85,120,8,24,49,49,3,"few",50
"female","female",62,110,7.5,"Sophomore",7,2,85,20,6.5,15,54,56,2,"few",65
"female","female",66,150,7.5,"Junior",8,3,100,0,8,18,45,48,2,"few",90
"male","male",72,175,11,"Freshman",4,2,145,100,6.5,8,43,50,8,"few",10
"female","female",63,150,7.5,"Freshman",0,1,72,26,6.5,8,48,51,2,"hundreds",50
"female","female",60,120,7.5,"Freshman",2,2,80,9,6,6,45,47,7,"few",40
"female","female",63,109,6.5,"Freshman",0,4,75,5,8,8,51,52,8,"hundreds",70
"female","female",64,111,7.5,"Sophomore",1,5,21,1,6.5,10,39,37,3,"few",4
"female","female",70,211,11,"Other",5,2,95,32,7,7,61,65,8,"few",50
"female","female",68,152,8,"Sophomore",2,3,111,15,7,17,52,65,6,"few",100
"female","female",71,195,11,"Junior",6,4,100,60,5.5,6,53,53,4,"millions",100
"female","female",62,120,6,"Freshman",2,1,85,0,6.5,10,41,52,9,"dozens",99
"female","female",67,170,10,"Sophomore",3,2,100,14,8,10,44,42,5,"thousands",80
"male","male",71,180,13,"Freshman",6,4,115,62,7,11,43,47,2,"one",50
"female","female",63,117,6.5,"Sophomore",0,2,90,5,6.5,20,45,64,8,"dozens",95
"male","male",74,215,13,"Sophomore",8,2,140,0,8,10,48,51,6,"one",50
"female","female",62,216,10,"Sophomore",7,1,90,0,5.5,7,39,44,6,"one",100
"female","female",64,135,7.5,"Freshman",6,1,120,0,7,15,49,50,1,"few",100
"female","female",63,150,8,"Freshman",3,2,80,10,6,8,54,56,2,"dozens",80
"female","female",74,155,12.5,"Freshman",1,1,105,20,7,20,49,50,3,"few",75
"female","female",62,125,7,"Sophomore",8,2,100,40,6.5,65,52,53,2,"few",100
"female","female",65,120,7.5,"Freshman",2,3,70,5,7,5,53,54,6,"few",50
"female","female",62,123,7.5,"Freshman",3,1,92,800,8.5,10,42,45,6,"one",80
"female","female",64,128,7.5,"Freshman",2,1,60,45,7,12,46,45,4,"dozens",40
"female","female",70,145,10,"Sophomore",0,2,85,3,6,13,39,40,7,"few",50
"female","female",67,186,9.5,"Sophomore",10,2,100,85,7.5,32,49,47,7,"few",50
"male","male",66,140,8,"Sophomore",1,0,101,1000,5,5,49,48,5,"hundreds",100
"female","female",60,118,6,"Freshman",8,1,90,8,8,20,50,50,7,"few",100
"male","male",69,257,11,"Freshman",10,4,45,15,6.5,3,40,41,3,"one",100
"male","other",75,245,14.5,"Senior",1,2,193,700,8,9,60,55,1,"millions",0
"female","female",64,132,6.5,"Sophomore",1,2,70,0,6.5,18,49,50,9,"few",50
"female","female",70,149,10,"Junior",3,2,100,25,7,40,54,55,4,"dozens",100
"female","female",64,135,7.5,"Sophomore",4,1,45,500,7,25,39,40,6,"few",12
"female","female",63,145,7.5,"Freshman",1,3,85,130,6,18,50,56,7,"few",30
"female","female",67,130,8,"Freshman",1,2,80,1,7,14,41,45,2,"few",95
"male","male",70,155,10.5,"Freshman",0,1,105,45,9.5,12,52,56,7,"thousands",50
"female","female",66,112,7.5,"Freshman",0,1,120,30,6,5,46,52,8,"one",70
"male","male",67,170,10,"Freshman",5,3,70,0,6,2,45,47,5,"dozens",96
"male","male",68,152,9.5,"Freshman",2,1,85,33,7,8,51,51,8,"few",30
"male","male",72,243,11,"Sophomore",4,1,90,10,8,9,48,50,7,"millions",95
"male","male",66,160,8.5,"Junior",1,2,80,4,8.5,5,55,54,8,"hundreds",70
"male","male",74,150,10.5,"Sophomore",7,2,120,120,8,23,49,50,3,"few",100
"female","female",64,140,9,"Freshman",10,1,100,1000,8,25,47,48,8,"millions",85
"male","male",73,170,13,"Freshman",3,2,95,85,7,8,46,46,4,"one",100
"female","female",64,145,8,"Freshman",0,1,70,75,7.5,19,49,49,5,"few",50
"male","male",72,155,12,"Freshman",0,8,100,74,7,10,51,56,7,"one",99
"male","male",70,159,10,"Senior",1,1,91,5,7.5,5,55,64,1,"thousands",100
"female","female",64,136,8,"Sophomore",3,1,85,50,7.5,10,52,65,3,"few",100
"female","female",66,130,7,"Freshman",1,0,0,20,8,10,47,48,2,"none",50
"female","female",65,135,9.5,"Freshman",3,1,80,25,6,30,49,48,5,"few",60
"female","female",65,119,9,"Freshman",0,1,34,100,6.5,9,45,48,7,"few",80
"female","other",66,121,8.5,"Sophomore",4,1,82,14,6.5,7,55,53,7,"few",100
"male","male",68,155,10,"Freshman",1,1,110,20,6,10,51,53,2,"dozens",10
"female","female",64,126,7.5,"Freshman",0,3,0,0,8.5,9,51,60,10,"dozens",10
"male","male",75,170,11,"Sophomore",5,6,35,200,11,9,65,65,5,"millions",100
"male","male",71,130,10,"Freshman",0,1,85,90,7,6,43,53,7,"hundreds",60
"female","female",66,226,9.5,"Sophomore",2,3,85,4,8,20,42,43,8,"one",100
"female","female",60,100,6.5,"Freshman",0,3,90,20,6.5,10,38,44,3,"few",50
"female","female",64,140,7.5,"Freshman",4,3,95,50,8,20,50,51,7,"hundreds",100
"male","male",72,170,10,"Sophomore",1,1,120,30,7,22,51,44,4,"few",75
"female","female",64,113,6,"Freshman",2,1,90,5,6,19,45,50,9,"few",75
"male","male",75,160,11.5,"Sophomore",2,1,90,100,7,2,56,55,4,"hundreds",100
"female","female",63,124,7.5,"Sophomore",2,2,115,40,7,50,51,52,7,"thousands",100
"female","female",63,108,6,"Freshman",0,3,60,20,6,12,51,53,7,"few",85
"female","female",69,139,11.5,"Freshman",5,2,92,82,7,14,41,43,6,"few",50
"female","female",66,170,9.5,"Sophomore",0,2,110,89,4.5,18,50,50,7,"dozens",97
"female","female",60,110,5.5,"Freshman",0,2,0,1000,6,5,45,50,1,"few",50
"female","female",64,245,9,"Sophomore",4,3,80,200,7,6,48,49,8,"few",75
"female","female",70,160,11,"Freshman",2,3,95,150,5.5,12,45,44,8,"few",50
"male","male",66,130,9.5,"Freshman",1,1,100,50,7,4,47,47,4,"one",100
"female","female",64,138,8.5,"Freshman",1,2,70,100,8,32,51,55,5,"one",100
"male","male",73,190,12.5,"Freshman",0,1,135,150,8.5,67,49,49,8,"millions",100
"female","female",64,135,8,"Sophomore",2,1,90,0,6.5,20,62,65,5,"dozens",90
"female","female",67,158,10,"Sophomore",5,4,90,20,6.5,30,48,47,8,"few",50
"male","male",70,182,14,"Junior",4,9,90,0,7.5,4,49,47,8,"one",0
"female","female",67,130,8,"Freshman",3,1,85,32,8,26,46,46,7,"few",75
"female","female",63,150,8,"Freshman",8,1,85,400,7.5,15,39,39,7,"few",30
"female","female",66,125,8.5,"Sophomore",10,2,78,500,5,40,56,56,6,"one",100
"female","female",66,135,7.5,"Sophomore",2,1,115,600,8,20,49,50,7,"one",10
"female","female",63,113,6,"Freshman",1,8,0,16,7.5,5,49,60,5,"one",80
"female","female",65,138,7.5,"Freshman",0,3,85,21,6,25,56,57,7,"one",75
"female","female",60,120,6,"Sophomore",1,0,120,0,7,30,50,56,2,"few",50
"male","male",66,128,9,"Sophomore",0,2,120,28,8.5,9,51,55,3,"few",50
"female","female",66,138,9,"Freshman",2,1,85,91,7.5,20,55,55,8,"one",65
"male","female",68,224,10.5,"Sophomore",4,2,25,300,4.5,15,39,40,8,"dozens",12
"female","female",62,125,7.5,"Freshman",1,2,0,10,7,7,52,62,7,"one",5
"male","male",72,160,10,"Junior",5,3,90,22,8,10,43,48,5,"one",95
"male","male",72,145,11,"Sophomore",1,0,90,15,6,3,54,57,3,"few",25
"female","female",58,80,5,"Freshman",2,2,90,20,8,15,48,48,6,"few",75
"male","male",66,153,9.5,"Freshman",0,2,0,140,7,8,48,65,3,"few",50
"female","female",61,108,7,"Junior",8,2,85,24,8.5,10,50,50,8,"one",70
"female","female",65,226,10,"Freshman",1,6,25,5,7.5,20,37,39,4,"few",90
"female","female",70,132,7.5,"Sophomore",3,1,90,5,8,20,44,46,7,"few",20
"female","female",65,126,8,"Freshman",6,4,90,150,7,11,46,47,6,"dozens",90
"female","female",66,170,9,"Sophomore",3,3,110,0,6,10,37,45,10,"few",50
"male","male",72,155,9.5,"Sophomore",2,3,105,75,8,15,51,51,1,"dozens",0
"male","male",68,165,10.5,"Freshman",4,1,90,10,8,8,45,48,8,"few",80
"female","female",64,200,9,"Sophomore",0,2,80,60,8,10,48,55,10,"millions",90
"female","female",57,100,6,"Sophomore",3,5,110,0,8,30,46,61,2,"one",50
"female","female",67,135,7,"Freshman",2,4,90,120,8,12,57,57,5,"few",30
"female","female",70,125,9.5,"Freshman",9,2,96,200,9,20,58,55,6,"one",35
"female","female",64,163,8,"Sophomore",1,1,90,70,6,18,46,47,7,"few",90
"male","male",74,145,10,"Freshman",7,3,0,15,6.5,8,42,41,10,"thousands",100
"female","female",72,200,12,"Freshman",3,0,80,120,7,8,52,55,4,"one",75
"male","male",72,250,12,"Sophomore",0,2,80,1000,7.5,3,40,39,9,"few",100
"female","female",63,141,7.5,"Sophomore",3,4,90,1,8,22,38,39,5,"one",50
"male","male",68,117,10.5,"Freshman",2,2,95,120,8.5,7,51,52,2,"dozens",25
"female","female",66,145,8,"Sophomore",1,2,115,40,5.5,50,51,49,3,"one",25
"female","female",63,114,7.5,"Freshman",0,1,0,25,6.5,5,48,56,4,"few",0
"female","female",66,175,11,"Freshman",0,2,95,50,6.5,14,53,57,7,"few",85
"female","female",68,215,11,"Freshman",4,6,0,100,6.5,15,38,40,4,"few",95
"female","female",70,135,10.5,"Freshman",2,4,93,800,7.5,12,40,41,7,"few",75
"male","male",70,185,10,"Sophomore",1,1,140,5,8,5,46,49,4,"millions",50
"female","female",68,155,9.5,"Freshman",2,2,90,80,9,27,53,52,8,"one",50
"female","female",63,136,10,"Freshman",1,1,95,7,6.5,14,49,49,6,"few",85
"female","female",63,143,8,"Sophomore",1,1,100,0,7.5,30,49,50,7,"hundreds",100
"female","female",67,134,8.5,"Sophomore",8,3,100,0,7,15,58,59,1,"thousands",85
"female","female",65,117,7.5,"Freshman",0,3,0,40,7,5,43,41,8,"few",50
"female","female",66,130,8.5,"Sophomore",2,1,103,1,7,22,55,55,7,"few",40
"female","female",67,126,8,"Freshman",2,1,109,300,8,30,54,56,3,"few",20
"female","female",68,140,8.5,"Freshman",2,2,80,1,7,10,43,45,4,"one",80
"female","female",64,110,8.5,"Sophomore",0,1,100,200,7.5,20,49,50,8,"one",100
"female","female",61,145,7.5,"Freshman",1,3,50,20,6,10,43,45,3,"few",50
"male","male",64,215,9.5,"Sophomore",0,2,110,500,6,5,58,63,5,"few",22
"female","female",67,121,8.5,"Freshman",4,1,85,40,7,40,56,56,6,"few",50
"male","male",71,185,13,"Sophomore",1,0,136,1000,8.5,3,50,49,7,"millions",30
"male","male",71,132,10,"Freshman",0,0,70,0,7.5,5,42,46,3,"few",70
"female","female",64,126,7,"Sophomore",1,2,60,0,7,2,49,50,7,"one",75
"male","male",67,140,8.5,"Freshman",1,0,100,1000,8,4,50,47,8,"few",50
"female","female",61,140,8,"Sophomore",0,5,56,3,7,50,46,55,8,"thousands",100
"male","male",65,123,9,"Freshman",2,0,0,400,7,2,46,49,7,"few",80
"female","female",68,130,8.5,"Freshman",3,0,0,200,7.5,15,43,45,6,"hundreds",5
"male","male",72,240,12.5,"Senior",0,3,75,78,7,6,55,65,8,"few",99
"male","male",68,140,11,"Sophomore",1,1,105,15,9,7,51,51,5,"millions",50
"female","female",61,130,5.5,"Freshman",2,9,70,0,7.5,6,48,65,7,"few",50
"male","male",71,165,10.5,"Sophomore",1,2,135,70,9,10,49,50,7,"few",20
"male","male",65,135,8.5,"Senior",1,3,103,0,7.5,2,51,58,2,"few",25
"female","female",64,120,7,"Freshman",2,1,95,11,7,10,48,50,7,"hundreds",20
"female","male",66,140,9,"Junior",25,3,100,0,7,1,52,53,5,"few",10
"female","female",61,130,7,"Freshman",10,1,0,0,7,6,45,50,7,"dozens",75
"male","male",69,170,10.5,"Sophomore",0,1,95,200,7.5,6,48,50,7,"hundreds",100
"female","female",66,115,7.5,"Freshman",20,8,75,30,8,5,57,61,1,"hundreds",97
"male","male",67,145,9,"Freshman",1,2,100,2,8,10,52,52,10,"few",100
"male","male",70,244,14,"Sophomore",3,4,0,70,5,2,54,53,8,"one",0
"female","female",63,162,8.5,"Sophomore",6,4,97,20,4.5,42,43,42,8,"few",90
"male","male",74,300,15,"Freshman",30,2,115,100,6,3,44,46,3,"one",0
"female","female",68,123,9,"Junior",5,2,100,40,7.5,7,58,61,2,"hundreds",85
"male","male",69,142,11,"Junior",2,4,100,0,7.5,5,60,64,4,"thousands",100
"female","female",61,125,8,"Freshman",1,2,60,45,7.5,12,49,49,7,"few",50
"male","male",70,208,11.5,"Freshman",0,0,180,120,8,100,56,65,8,"one",50
"male","male",68,158,10.5,"Sophomore",1,5,125,10,6,4,46,50,7,"dozens",10
"female","female",62,111,7,"Sophomore",1,1,75,38,7,10,50,49,8,"few",90
"female","female",70,165,10.5,"Sophomore",3,0,85,100,7,25,55,59,10,"few",80
"female","female",65,150,9,"Senior",6,6,100,5,6.5,60,47,48,4,"dozens",40
"female","female",64,104,6.5,"Freshman",4,2,0,1000,7,3,43,43,6,"few",10
"female","female",61,113,6.5,"Freshman",1,2,85,0,7.5,6,54,52,7,"one",50
"female","female",60,127,6.5,"Freshman",3,4,0,2,7.5,6,41,50,7,"few",4
"female","female",68,135,9,"Sophomore",2,3,82,25,9,13,52,53,7,"few",50
"female","female",64,167,9.5,"Sophomore",20,1,35,0,8,20,42,43,7,"few",20
"male","male",68,138,9,"Freshman",1,1,86,14,7,3,50,62,10,"thousands",100
"male","male",72,201,13,"Junior",8,1,100,100,7,6,55,55,9,"hundreds",90
"female","female",61,98,6.5,"Sophomore",2,1,115,600,7,25,55,59,3,"few",15
"female","female",64,92,8.5,"Sophomore",0,1,0,5,7.5,15,40,44,3,"dozens",90
"male","male",73,197,11.5,"Sophomore",1,0,90,10,8,10,54,59,7,"few",95
"female","female",66,135,8,"Freshman",0,3,85,6,7,12,53,53,6,"few",50
"female","female",61,105,6,"Freshman",5,1,85,150,9,10,49,55,2,"one",90
"female","female",68,146,7,"Junior",10,7,100,11,8,20,48,55,6,"few",25
"female","female",63,100,7.5,"Freshman",1,2,40,58,6.5,6,46,51,7,"one",100
"female","female",69,150,9,"Freshman",5,2,80,73,7.5,13,41,42,4,"one",31
"male","male",74,195,13,"Sophomore",4,4,95,13,7,2,38,39,7,"dozens",100
"female","female",71,155,10,"Freshman",20,1,85,90,6,32,48,44,7,"few",80
"female","female",70,175,10,"Sophomore",6,2,90,20,7.5,35,44,46,9,"few",50
"female","female",67,140,7.5,"Sophomore",1,1,87,15,6,7,55,50,4,"one",75
"female","female",66,139,9,"Freshman",0,4,70,22,7.5,8,47,47,6,"few",85
"female","female",70,135,9.5,"Sophomore",2,3,110,0,7,17,43,43,9,"few",30
"male","male",71,230,12,"Sophomore",1,2,130,0,6.5,10,52,51,9,"few",75
"female","female",61,114,7,"Freshman",1,0,75,58,6.5,50,54,59,3,"one",50
"female","female",64,145,8.5,"Freshman",3,1,111,0,7,10,46,49,1,"one",80
"male","male",70,130,10,"Sophomore",1,1,100,25,9,3,40,44,5,"millions",100
"female","female",64,120,8,"Senior",1,3,80,0,7,10,50,52,4,"one",50
"female","female",62,132,7.5,"Freshman",0,2,80,1,8,30,50,49,7,"few",25
"male","male",68,132,7,"Sophomore",1,1,0,400,6,4,50,50,10,"dozens",50
"female","female",63,108,6.5,"Freshman",2,0,0,23,8,7,50,51,5,"one",65
"male","male",71,160,10.5,"Freshman",1,3,120,10,7,5,48,50,7,"few",5
"male","male",75,210,12,"Senior",2,2,110,35,6,6,52,53,3,"millions",33
"female","female",64,135,6.5,"Sophomore",0,2,66,60,6,48,42,40,6,"one",65
"female","female",70,157,10.5,"Sophomore",2,0,105,150,8.5,20,56,65,8,"few",70
"female","female",64,133,8,"Sophomore",0,0,110,35,6,40,40,45,3,"one",50
"female","female",63,120,8,"Freshman",3,2,100,1,6.5,8,55,55,9,"millions",100
"male","male",70,140,10.5,"Sophomore",1,2,50,50,8,3,51,52,1,"millions",15
"female","female",66,90,6.5,"Freshman",0,0,0,70,8.5,3,44,50,5,"one",10
"female","female",68,150,8.5,"Sophomore",9,1,90,23,9,17,49,56,7,"few",25
"female","female",64,100,8,"Sophomore",6,1,70,20,10,6,53,63,8,"few",99
"female","female",67,147,8.5,"Freshman",2,1,70,100,6,20,57,57,7,"few",80
"female","female",67,173,9,"Sophomore",1,2,100,4,6.5,8,54,53,8,"few",90
"male","male",70,128,9,"Freshman",2,2,80,100,8.5,3,52,54,9,"few",90
"male","male",72,175,11,"Freshman",6,2,96,25,8,6,56,59,7,"hundreds",25
"male","male",68,162,9.5,"Sophomore",1,2,90,0,6.5,7,55,55,5,"few",60
"female","female",71,160,11,"Freshman",7,1,115,0,6,23,47,47,7,"few",85
"male","male",72,132,8.5,"Freshman",1,0,80,1000,7,10,46,48,10,"one",10
"female","female",60,118,7,"Sophomore",3,3,95,17,7,25,36,36,2,"thousands",50
"female","female",66,125,8.5,"Freshman",3,3,75,2,7,5,56,62,7,"hundreds",70
"female","female",66,140,6.5,"Freshman",4,3,105,105,7,21,48,49,7,"few",100
"female","female",64,140,7.5,"Freshman",2,0,95,140,6.5,14,50,51,5,"one",85
"female","female",63,110,8,"Freshman",0,1,45,120,8.5,7,60,65,4,"few",99
"male","male",71,224,10.5,"Sophomore",0,0,0,120,7.5,3,46,45,9,"few",100
"female","female",63,97,5,"Freshman",1,2,75,20,8,10,42,43,8,"one",80
"female","female",62,127,8,"Freshman",0,1,90,120,7,6,45,48,4,"dozens",70
"female","female",67,120,8.5,"Freshman",1,1,114,98,8.5,13,49,61,4,"few",2
"male","male",75,176,12,"Junior",10,2,95,10,8,3,48,47,7,"dozens",25
"female","female",64,140,7.5,"Freshman",0,1,70,150,6,20,41,43,7,"one",60
"female","female",60,106,5.5,"Sophomore",0,2,100,15,4,30,48,54,7,"one",93
"male","male",71,150,9,"Sophomore",1,0,70,500,8,10,52,53,4,"few",10
"female","male",60,121,6,"Freshman",2,1,80,1000,7,15,42,43,2,"few",70
"male","male",67,128,8.5,"Freshman",0,1,92,33,7,4,50,50,3,"few",70
"female","female",67,123,8,"Junior",10,1,95,50,7.5,10,55,54,7,"thousands",100
"female","female",70,135,9,"Sophomore",3,2,90,86,4,8,40,45,7,"few",35
"female","female",68,118,8,"Freshman",1,2,80,28,7.5,6,47,49,9,"thousands",100
"female","female",63,145,8,"Freshman",4,3,60,60,6,15,49,49,9,"few",70
"male","male",72,158,10.5,"Junior",11,0,120,7,6.5,6,52,53,10,"thousands",95
"female","female",62,103,6.5,"Freshman",4,1,100,40,5,20,38,44,7,"dozens",85
"female","female",67,122,8,"Sophomore",0,2,60,20,7.5,20,52,52,6,"few",50
"female","female",63,130,6,"Sophomore",1,2,110,20,8,20,54,61,7,"hundreds",100
"female","female",64,165,8.5,"Freshman",7,2,90,6,6.5,4,37,53,6,"few",99
"female","female",64,119,8,"Sophomore",1,6,0,300,6.5,16,39,36,7,"few",75
"female","female",64,135,7.5,"Freshman",6,3,80,150,7,12,52,53,5,"one",80
"male","male",62,100,5,"Freshman",0,1,95,100,7,3,43,55,7,"dozens",50
"male","male",69,115,9.5,"Sophomore",6,2,85,22,7,5,50,53,6,"dozens",50
"male","male",73,151,10.5,"Freshman",4,3,120,40,7,21,45,47,10,"one",50
"female","female",64,120,8.5,"Freshman",0,1,95,200,7,15,53,61,2,"few",100
"female","female",65,157,7,"Junior",4,1,125,30,6,5,52,56,3,"few",50
"female","female",67,172,10,"Sophomore",5,3,90,41,6,50,44,48,4,"one",20
"male","male",72,140,12,"Freshman",4,3,100,70,6.5,21,46,49,5,"few",5
"female","female",60,105,6.5,"Freshman",0,4,85,10,8.5,10,56,57,2,"few",100
"female","female",62,120,7,"Freshman",3,2,90,0,9,15,52,58,10,"one",80
"female","female",63,113,7.5,"Freshman",0,1,0,28,8,6,53,50,5,"few",100
"female","female",65,115,6.5,"Junior",2,2,85,0,6.5,14,53,52,7,"few",90
"female","female",65,120,7.5,"Freshman",8,2,90,40,10,8,39,40,3,"hundreds",70
"male","male",72,86,13,"Freshman",0,1,45,600,7,2,42,44,6,"one",2
"male","male",68,125,9.5,"Freshman",0,3,115,12,6,3,45,50,6,"few",41
"female","female",68,160,8,"Sophomore",2,1,122,0,5,20,53,51,8,"one",50
"male","male",69,150,9,"Freshman",0,0,81,13,7,6,44,48,2,"few",1
"female","female",60,143,7,"Freshman",0,2,45,150,7.5,16,40,39,9,"few",100
"female","female",67,120,7.5,"Freshman",0,0,0,300,7,10,46,45,3,"few",20
"male","male",70,165,9,"Freshman",0,1,105,12,8,7,47,52,6,"thousands",30
"male","male",68,125,10,"Sophomore",1,1,85,27,7.5,7,51,54,7,"hundreds",70
"female","female",60,150,6.5,"Sophomore",0,2,98,1000,7.5,20,43,45,2,"few",100
"female","female",64,110,8,"Sophomore",0,1,90,0,6.5,15,57,62,7,"few",25
"male","male",67,140,9,"Junior",1,2,85,100,7.5,6,54,50,7,"dozens",100
"female","female",64,180,8,"Freshman",1,5,90,0,8,36,40,38,2,"one",50
"male","male",70,270,11,"Sophomore",5,2,80,20,7,3,43,46,7,"few",30
"male","male",72,215,12.5,"Sophomore",2,1,103,10,8,3,47,51,10,"dozens",50
"male","male",66,120,8,"Sophomore",0,1,0,200,8,6,42,50,7,"few",30
"female","female",62,170,7,"Sophomore",3,4,90,1,7,20,45,50,7,"hundreds",75
"female","female",67,130,8,"Freshman",2,5,0,4,8,46,44,49,8,"few",10
"female","female",64,117,8,"Sophomore",5,1,80,91,6.5,25,50,52,8,"one",85
"male","male",72,182,9.5,"Sophomore",0,1,29,11,8,5,45,50,8,"one",12
"female","female",60,141,6,"Sophomore",4,1,95,60,8,10,45,42,7,"few",50
"female","female",67,135,9,"Freshman",2,5,50,200,7,30,40,43,5,"one",90
"female","female",63,135,9,"Freshman",30,2,120,6,8,50,39,42,9,"dozens",40
"female","female",62,100,6.5,"Freshman",2,1,80,0,8,40,49,50,4,"few",80
"male","male",71,155,9,"Sophomore",0,1,103,55,6.5,5,56,55,4,"few",30
"female","female",66,185,7.5,"Freshman",4,0,130,56,7,25,56,58,3,"one",60
"male","male",69,164,11,"Freshman",1,1,90,35,7,5,48,47,10,"few",50
"female","female",65,130,6,"Junior",6,4,85,0,8,20,55,55,6,"one",50
"female","female",66,120,7.5,"Freshman",0,0,0,20,8,6,44,44,8,"few",30
"female","female",63,140,8,"Sophomore",2,3,0,110,8,20,41,43,8,"few",85
"male","male",66,130,9,"Sophomore",0,3,60,30,8,2,57,62,1,"millions",0
"female","female",65,178,10,"Sophomore",6,1,90,7,7,9,42,43,6,"hundreds",100
"female","female",63,125,7.5,"Freshman",1,1,90,43,8,15,55,51,9,"hundreds",90
"female","female",59,90,6,"Sophomore",0,1,0,100,8,3,51,52,4,"thousands",10
"female","female",65,130,7.5,"Freshman",7,2,95,200,7.5,15,53,63,2,"few",95
"male","male",73,220,12,"Senior",4,12,115,5,5.5,8,49,50,9,"dozens",25
"female","female",64,119,7.5,"Freshman",0,0,0,0,9,10,35,35,1,"one",28
"female","female",67,115,5.5,"Sophomore",3,3,0,100,6.5,15,40,41,5,"one",50
"male","male",74,160,11,"Freshman",0,2,72,5,6,4,51,65,5,"few",40
"female","female",66,127,8,"Sophomore",4,3,85,5,7,10,53,58,4,"dozens",100
"female","female",66,105,7.5,"Freshman",3,3,80,10,7,15,59,60,7,"few",99
"female","female",66,166,8.5,"Freshman",1,1,58,13,8,32,47,47,6,"one",96
"female","female",67,118,8,"Freshman",3,1,85,16,8,16,37,38,4,"few",99
"male","male",75,176,10,"Sophomore",0,0,51,20,7,10,47,47,7,"few",40
"female","female",63,130,6,"Sophomore",4,4,50,10,6.5,10,45,50,4,"few",100
"male","male",71,175,11,"Sophomore",2,1,100,20,7,3,48,50,1,"one",35
"female","female",67,107,9,"Sophomore",4,3,77,20,7,8,47,48,7,"few",100
"female","female",60,110,5,"Freshman",0,0,30,50,6,18,46,50,4,"few",70
"male","male",72,150,10,"Sophomore",4,2,70,70,8,5,50,51,2,"few",50
"female","other",64,100,6,"Freshman",0,0,0,22,8,8,55,56,7,"few",50
"female","female",65,115,8,"Freshman",2,0,95,40,9,20,40,40,7,"one",95
"male","male",70,190,12,"Senior",3,3,135,120,7,8,60,61,9,"few",75
"male","male",71,149,9,"Freshman",2,2,108,2,8,64,50,50,2,"dozens",30
"male","male",70,175,10.5,"Freshman",3,2,135,120,8.5,12,44,46,3,"few",20
"female","female",66,128,8,"Freshman",8,2,107,7,7,8,48,51,7,"one",100
"female","female",64,101,7,"Freshman",2,1,75,50,7,11,46,46,6,"one",100
"female","female",61,170,8,"Sophomore",3,3,101,0,11,25,38,40,4,"few",75
"female","female",66,128,8,"Freshman",0,2,0,74,6,25,46,42,8,"one",60
"female","female",70,145,7.5,"Freshman",12,1,105,300,5,18,53,49,7,"few",100
"female","female",59,135,7,"Freshman",0,3,0,16,6,35,40,46,3,"one",100
"female","female",67,120,7.5,"Freshman",1,2,80,41,7,24,50,51,5,"one",100
"female","female",64,125,8,"Sophomore",7,1,80,18,7.5,20,46,46,3,"one",50
"female","female",66,125,8.5,"Freshman",1,1,85,0,7.5,10,51,52,8,"few",100
"male","male",73,205,12.5,"Sophomore",0,2,80,80,7,8,60,65,7,"few",60
"female","female",64,135,7.5,"Junior",0,1,100,2,5.5,12,54,49,7,"few",20
"female","female",66,135,8.5,"Freshman",0,1,80,8,6.5,8,52,59,8,"dozens",60
"female","female",66,150,10,"Freshman",0,1,50,1,7,30,56,60,7,"few",60
"female","female",65,125,8,"Sophomore",3,1,98,0,8.5,20,51,53,4,"few",70
"female","female",66,145,9.5,"Freshman",0,0,80,200,8,13,58,59,4,"dozens",99
"male","male",70,180,11,"Sophomore",2,2,100,20,7,5,54,60,3,"few",25
"female","female",62,135,6,"Freshman",3,2,100,100,8,20,47,50,7,"few",50
"female","female",65,140,9,"Freshman",2,1,85,25,7,8,44,47,7,"few",100
"female","female",65,120,7.5,"Sophomore",3,1,95,35,7,15,58,59,2,"few",65
"male","male",71,180,11,"Freshman",4,1,60,150,6.5,6,35,35,7,"one",50
"female","female",66,120,8,"Freshman",4,2,80,5,9,6,47,50,7,"one",50
"male","male",74,300,12.5,"Freshman",3,1,105,56,7,13,47,53,7,"few",0
"female","female",66,100,7.5,"Senior",0,2,90,20,6,15,46,51,7,"few",50
"female","female",62,145,7,"Freshman",1,3,70,40,6,6,43,51,8,"few",52
"female","female",62,112,8,"Freshman",3,1,85,0,8.5,6,45,49,7,"one",80
"female","female",66,125,8,"Freshman",2,1,90,10,7,20,50,56,7,"few",75
"male","other",48,300,18,"Sophomore",5,6,29,11,10,15,49,53,4,"dozens",15
"male","male",70,176,9.5,"Junior",0,0,0,40,7,10,53,55,9,"few",50
"male","male",83,155,10.5,"Sophomore",1,3,60,1,8,3,50,50,6,"few",20
"female","female",66,135,7,"Freshman",3,1,100,0,8,15,45,50,6,"one",75
"male","male",74,165,9.5,"Junior",2,0,135,3,7.5,20,55,56,9,"millions",90
"female","female",60,130,6.5,"Freshman",4,4,21,0,5,11,38,49,6,"few",13
"female","female",61,130,7,"Sophomore",1,2,75,20,6,20,49,54,8,"few",50
"male","male",68,140,9.5,"Freshman",3,3,100,20,7,6,36,38,8,"one",10
"female","female",64,125,6,"Freshman",2,2,90,150,7.5,14,49,50,2,"hundreds",40
"male","male",71,250,11,"Freshman",3,2,109,59,8.5,12,56,55,5,"few",50
"female","female",61,108,6.5,"Freshman",6,1,106,24,7.5,12,56,56,4,"few",40
"male","male",71,168,10.5,"Sophomore",2,2,114,5,6.5,10,51,56,7,"one",80
"female","female",64,185,9,"Sophomore",4,1,103,30,6.5,20,56,59,6,"few",85
"male","male",70,150,10,"Freshman",2,1,120,30,7,9,47,48,1,"few",10
"female","female",69,160,8.5,"Junior",1,2,97,27,7,15,55,56,4,"few",90
"female","female",67,140,10,"Sophomore",8,1,100,4,6.5,45,50,56,4,"few",80
"female","female",64,160,8,"Sophomore",0,1,70,22,7.5,20,51,63,8,"few",50
"female","female",60,170,7.5,"Freshman",0,0,60,30,7,18,46,46,4,"one",80
"female","female",62,105,7,"Freshman",2,2,80,150,9,12,53,53,5,"few",15
"male","male",72,178,11.5,"Sophomore",0,2,105,0,7,10,53,55,2,"thousands",22
"female","female",61,183,10,"Sophomore",6,2,90,0,6.5,27,39,41,6,"few",82
"female","female",63,135,8,"Junior",0,1,100,5,6,18,50,50,3,"few",50
"male","male",67,135,9,"Junior",3,3,85,100,7,7,58,59,2,"few",100
"female","female",60,136,6.5,"Sophomore",3,3,90,0,8,24,53,48,10,"one",30
"female","female",66,130,7,"Freshman",0,3,85,16,7.5,16,46,48,2,"few",95
"female","female",65,125,8.5,"Freshman",0,2,90,150,8,18,53,54,6,"dozens",50
"female","female",66,148,8.5,"Sophomore",2,3,80,80,7,15,55,55,3,"one",30
"male","male",68,88,7.5,"Sophomore",1,1,0,10,7.5,12,50,51,10,"dozens",10
"male","male",69,144,9.5,"Freshman",0,1,90,80,6.5,3,43,45,8,"few",50
"male","male",71,160,10,"Freshman",2,2,95,56,8.5,5,51,50,7,"dozens",25
"male","male",72,170,11,"Sophomore",1,2,87,27,6.5,7,53,54,6,"few",25
"female","female",62,102,7,"Freshman",0,1,40,100,5,3,49,56,8,"one",100
"female","female",63,150,8.5,"Sophomore",1,4,0,20,6.5,25,55,56,2,"few",75
"female","female",63,157,8.5,"Sophomore",0,3,82,13,8.5,25,57,61,5,"one",50
"male","male",74,175,13,"Freshman",0,12,100,23,7,4,61,61,8,"thousands",50
"female","female",64,155,8.5,"Freshman",1,1,90,104,6,20,48,51,7,"few",50
"male","male",74,150,12,"Sophomore",4,1,115,10,8,3,40,50,3,"thousands",20
"female","female",64,125,8,"Sophomore",8,1,90,80,8.5,20,46,47,6,"few",80
"male","male",69,140,10,"Freshman",1,0,60,1000,8,12,46,47,2,"few",40
"male","male",68,165,8.5,"Freshman",2,1,90,4,7,4,52,62,7,"few",100
"male","male",70,145,11,"Sophomore",0,1,0,40,7,7,50,54,8,"hundreds",75
"female","male",60,93,6,"Freshman",2,3,65,120,7,6,52,51,6,"few",100
"female","female",63,150,8.5,"Sophomore",10,1,81,35,6.5,8,56,62,5,"few",25
"female","female",66,100,6.5,"Freshman",0,1,0,100,8,4,42,44,5,"few",100
"female","female",65,108,7,"Freshman",0,0,0,120,8,10,44,47,3,"few",10
"male","male",72,190,11,"Sophomore",0,1,85,16,7,10,41,44,4,"few",35
"male","male",77,206,13,"Sophomore",0,3,122,300,7,58,46,49,7,"dozens",5
"female","female",70,147,10,"Sophomore",2,5,90,25,6,25,50,52,6,"few",50
"female","female",64,125,6,"Freshman",1,2,120,45,7,11,50,49,7,"few",60
"female","female",63,140,8,"Freshman",1,3,80,15,7,14,40,45,7,"few",100
"female","female",62,100,6.5,"Freshman",0,3,65,8,8,20,48,53,2,"few",50
"female","female",68,150,9.5,"Freshman",0,1,80,20,7,13,52,61,8,"few",98
"male","male",72,155,12,"Freshman",4,3,145,100,8.5,2,58,58,3,"hundreds",60
"male","male",72,158,9.5,"Freshman",0,0,90,100,8,9,46,48,9,"one",50
"male","other",69,180,10.5,"Sophomore",4,5,85,150,8,3,45,50,9,"few",25
"female","female",66,150,9.5,"Freshman",2,1,85,40,7,20,59,60,4,"few",75
"female","female",66,97,7,"Freshman",1,1,0,110,7,15,43,44,8,"few",50
"female","female",62,115,6,"Freshman",0,1,80,150,4.5,10,48,50,3,"few",50
"female","female",64,97,6,"Sophomore",0,1,20,20,6,10,53,61,7,"few",70
"female","female",67,120,6,"Freshman",1,2,105,120,6,12,39,48,6,"few",25
"female","female",64,120,8,"Sophomore",4,0,110,5,6.5,20,50,54,10,"hundreds",75
"female","female",65,150,8.5,"Freshman",0,1,75,20,8,20,52,52,8,"hundreds",100
"male","male",66,190,7.5,"Freshman",0,0,100,100,7,4,41,45,6,"few",5
"male","male",71,167,10.5,"Freshman",0,0,80,1,7,100,46,46,3,"few",10
"male","male",76,80,10.5,"Sophomore",8,6,150,150,7.5,4,42,43,9,"one",50
"female","female",63,97,9.5,"Freshman",1,1,75,100,8,6,52,57,7,"millions",10
"female","female",67,127,8.5,"Sophomore",0,1,80,12,6,10,56,61,8,"few",90
"male","male",66,213,10.5,"Junior",0,3,104,3,5.5,5,50,51,1,"few",78
"female","female",60,135,7.5,"Freshman",4,2,80,30,7.5,20,48,49,2,"few",25
"male","male",78,300,15,"Freshman",12,2,120,150,7,8,50,51,9,"one",0
"male","male",70,250,13,"Sophomore",3,3,0,70,8,4,39,50,7,"few",10
"male","male",69,155,9.5,"Sophomore",2,1,80,140,7,5,45,44,2,"few",25
"female","female",66,165,7.5,"Freshman",4,1,102,7,6,12,36,41,3,"dozens",80
"female","female",63,103,4.5,"Freshman",0,0,0,1,8,7,45,48,7,"few",80
"male","male",73,155,11.5,"Junior",6,2,80,20,7,6,61,63,1,"hundreds",10
"female","female",66,125,7,"Freshman",0,0,0,100,7.5,5,48,51,5,"dozens",30
"female","female",68,140,9.5,"Freshman",1,4,100,0,9,12,49,56,2,"few",50
"female","female",65,150,8,"Sophomore",4,2,80,0,8,12,60,60,2,"one",50
"male","male",69,132,9.5,"Freshman",1,4,0,20,8,7,52,59,3,"few",100
"female","female",63,118,7,"Sophomore",0,0,85,20,7,15,59,56,6,"millions",90
"female","female",65,135,8,"Freshman",1,2,65,34,7,18,49,50,8,"dozens",70
"female","female",67,210,9,"Freshman",0,0,60,20,7,20,56,50,2,"few",75
"male","male",69,151,10.5,"Freshman",1,5,100,0,6.5,14,38,38,2,"few",10
"female","female",57,85,4,"Freshman",3,1,80,60,7,9,55,56,6,"few",30
"male","male",69,190,12,"Freshman",0,1,85,400,8,8,50,55,2,"one",100
"female","female",68,125,8,"Freshman",3,3,100,0,7.5,30,53,55,6,"few",100
"female","female",64,110,7.5,"Sophomore",6,3,50,130,8,9,60,65,8,"few",50
"female","female",64,90,7,"Junior",1,1,0,45,9,13,50,50,7,"few",70
"male","male",70,230,10.5,"Sophomore",1,2,75,75,6.5,5,40,44,4,"dozens",25
"female","female",65,140,8,"Freshman",2,2,75,61,10,17,48,48,2,"one",20
"female","female",65,163,8.5,"Freshman",2,0,0,20,8,5,48,49,4,"one",60
"female","female",62,108,7,"Freshman",2,2,110,7,7,26,47,52,8,"few",100
"male","male",68,116,8,"Freshman",8,4,62,1000,8,6,44,44,10,"few",50
"female","female",67,135,7,"Freshman",2,2,80,700,6,25,48,49,5,"few",50
"male","male",69,148,10,"Freshman",0,2,100,45,8,10,53,57,6,"few",100
"female","female",64,120,8,"Junior",2,2,110,50,7,17,52,53,7,"few",25
"male","male",71,222,13,"Freshman",4,0,0,20,5,3,35,62,6,"one",75
"male","male",68,167,10.5,"Junior",6,4,100,200,7.5,6,48,49,7,"few",100
"female","female",63,105,8.5,"Freshman",10,3,90,70,9,28,50,49,3,"few",100
"male","male",76,197,14,"Freshman",1,3,120,25,7.5,10,49,52,4,"one",80
"female","female",66,123,7.5,"Sophomore",15,2,0,40,7,20,46,46,3,"dozens",50
"male","male",72,132,9,"Freshman",0,1,100,30,6,4,41,46,8,"thousands",50
"female","female",64,113,7,"Junior",2,0,60,50,7,25,57,60,6,"one",75
"male","male",65,160,10,"Junior",1,0,125,85,6,2,65,65,9,"one",90
"female","female",63,87,5,"Freshman",0,0,0,25,7,10,43,49,6,"one",80
"female","female",63,130,9.5,"Freshman",1,1,90,0,7.5,10,60,50,4,"one",75
"male","male",63,96,9,"Sophomore",2,1,94,11,6,6,52,45,7,"few",6
"male","male",74,200,12,"Sophomore",1,2,107,15,7,16,42,43,7,"one",100
"female","female",62,130,8,"Sophomore",0,1,115,5,6,10,50,52,8,"few",25
"female","female",64,119,7.5,"Freshman",0,1,0,500,5.5,9,43,52,8,"few",100
"female","female",67,153,9,"Sophomore",1,2,100,5,6,15,52,54,9,"few",30
"female","female",63,124,7.5,"Freshman",2,1,110,45,8,30,47,47,7,"dozens",100
"female","female",68,133,9,"Freshman",2,0,65,4,7,10,53,55,7,"dozens",100
"male","male",72,134,10,"Sophomore",0,1,105,10,7.5,6,47,47,4,"one",50
"male","male",76,175,11.5,"Sophomore",2,2,115,1000,6,9,48,52,7,"dozens",50
"female","female",67,147,9,"Junior",2,2,95,0,6.5,20,54,54,5,"few",60
"male","male",69,180,11,"Freshman",8,3,108,40,7.5,4,58,62,7,"few",40
"female","female",63,120,7.5,"Freshman",4,2,100,100,8,6,53,53,6,"dozens",97
"female","female",65,122,7.5,"Freshman",3,2,100,42,7.5,20,51,49,8,"one",50
"female","other",63,240,8,"Freshman",6,1,85,10,6,4,47,49,7,"few",50
"male","male",69,139,8.5,"Freshman",0,0,0,300,6.5,10,45,45,2,"few",10
"female","female",63,135,5.5,"Sophomore",0,1,81,37,5,12,54,54,7,"one",60
"male","male",72,140,9,"Sophomore",0,2,155,32,6,8,49,51,5,"hundreds",8
"female","female",65,140,7.5,"Sophomore",3,4,93,40,7,15,49,49,4,"few",100
"female","female",67,100,6.5,"Sophomore",5,2,0,50,7,5,46,53,4,"few",60
"female","female",58,144,5.5,"Sophomore",3,0,25,200,7.5,6,46,47,4,"few",50
"female","female",62,102,4,"Sophomore",4,1,100,120,9,7,49,50,3,"one",50
"male","male",74,190,12,"Sophomore",1,1,70,20,9,50,45,50,6,"one",10
"male","male",70,140,9.5,"Sophomore",2,3,75,23,8,2,42,44,2,"thousands",40
"female","female",65,124,8,"Freshman",3,1,95,20,7,10,45,50,3,"few",50
"female","female",64,135,8,"Sophomore",0,3,30,0,7,10,37,37,6,"one",70
"male","male",64,190,9.5,"Freshman",3,3,85,30,8,8,51,42,3,"few",75
"female","female",59,137,6.5,"Sophomore",0,3,85,0,6.5,30,41,41,7,"few",50
"female","female",65,150,8.5,"Freshman",5,1,100,75,7,20,49,53,7,"few",25
"female","female",68,138,9,"Junior",1,2,100,0,9,13,51,51,3,"one",100
"male","male",75,205,13,"Freshman",0,1,110,60,8,10,48,57,9,"millions",50
"female","female",63,140,8,"Sophomore",0,1,90,20,8,24,41,44,3,"few",97
"female","female",65,122,7.5,"Freshman",4,1,80,80,7,30,45,51,3,"few",10
"male","male",78,250,15,"Sophomore",2,2,85,54,8,7,48,50,7,"few",100
"male","male",71,145,11,"Junior",5,1,101,15,6,8,61,62,8,"few",50
"male","male",71,155,12.5,"Senior",0,2,0,0,5,2,56,61,2,"one",50
"female","female",62,145,8,"Freshman",4,1,86,4,6,14,47,45,2,"few",25
"male","male",68,160,9.5,"Sophomore",0,0,82,20,6,10,48,58,6,"thousands",90
"female","female",63,130,8,"Freshman",6,1,85,21,8.5,12,53,62,7,"thousands",35
"male","male",70,145,11,"Freshman",1,2,115,100,8,10,47,48,7,"thousands",100
"male","male",66,160,9,"Sophomore",6,1,100,200,7,4,49,50,7,"few",100
"male","male",72,143,10,"Freshman",0,2,120,80,8,7,52,50,1,"thousands",60
"female","female",62,150,8,"Sophomore",1,2,75,140,6,12,53,47,3,"few",90
"female","female",69,155,10,"Sophomore",6,2,110,70,6,20,55,56,8,"thousands",60
"female","female",67,126,9,"Freshman",1,1,92,2,7,9,57,57,6,"few",80
"female","female",67,115,9.5,"Freshman",1,2,120,150,8,8,44,49,2,"one",100
"female","female",63,118,8,"Freshman",4,0,86,120,6,13,38,40,8,"one",100
"female","female",69,115,8,"Freshman",3,2,93,20,6,5,50,52,4,"dozens",100
"male","male",69,192,12,"Freshman",5,2,80,6,6.5,14,47,41,4,"few",50
"female","female",65,128,6.5,"Sophomore",1,0,100,10,7.5,30,46,46,7,"few",95
"male","male",65,167,8.5,"Sophomore",1,1,0,103,7.5,13,46,48,10,"hundreds",2
"female","female",76,115,5,"Freshman",3,1,0,70,6,8,40,47,7,"few",10
"female","female",70,140,10,"Freshman",2,2,100,20,7,14,45,50,7,"few",70
"female","female",62,136,7,"Freshman",3,2,90,40,6.5,20,52,53,2,"one",40
"male","male",73,180,12.5,"Freshman",0,1,86,57,8,5,53,59,9,"one",50
"female","female",68,124,6.5,"Junior",2,1,96,24,5,8,62,65,2,"millions",80
"female","female",69,140,9,"Freshman",5,4,95,6,7,20,53,54,7,"dozens",50
"female","female",63,131,5,"Sophomore",3,4,83,50,10,56,36,42,7,"one",30
"male","male",71,122,9,"Sophomore",1,1,85,10,6.5,7,59,61,3,"few",0
"male","male",69,195,12,"Freshman",0,1,95,30,5.5,4,44,46,2,"millions",90
"female","female",68,240,8,"Freshman",4,3,75,30,7,23,55,56,7,"one",56
"female","female",63,94,6,"Freshman",1,0,0,500,7.5,10,43,44,5,"few",15
"female","female",63,140,8,"Freshman",0,2,100,400,7,20,44,46,7,"hundreds",5
"female","female",63,178,8.5,"Other",5,1,93,0,7,25,55,50,4,"few",50
"male","male",71,135,8.5,"Freshman",3,1,200,110,4.5,8,36,50,4,"one",13
"female","female",66,140,10,"Freshman",2,2,75,150,8,12,48,53,7,"hundreds",100
"female","female",65,121,8,"Junior",0,1,49,20,7,6,52,55,9,"one",20
"female","female",64,105,6.5,"Freshman",2,2,103,20,7,7,47,49,3,"few",25
"male","male",71,143,10.5,"Graduate",1,0,80,40,7,4,50,52,1,"one",10
"female","female",68,135,9.5,"Freshman",8,5,85,16,6,14,44,49,7,"few",98
"female","female",70,116,9,"Sophomore",2,2,80,3,7.5,15,47,48,5,"few",50
"male","male",69,160,12,"Sophomore",2,1,65,1000,8,2,47,51,9,"dozens",50
"female","female",64,125,7.5,"Freshman",3,0,110,120,8,30,58,51,3,"dozens",20
"female","female",66,120,7.5,"Sophomore",1,0,60,6,6.5,6,43,48,7,"few",30
"female","female",63,137,8,"Sophomore",14,6,110,17,6.5,50,44,51,5,"dozens",50
"female","female",60,190,7.5,"Sophomore",2,2,65,0,7,7,48,45,7,"millions",25
"female","female",67,165,7,"Freshman",0,8,50,50,6.5,20,55,59,5,"one",20
"female","female",65,145,8.5,"Sophomore",2,2,100,40,8,15,49,48,4,"few",99
"male","male",72,230,12,"Sophomore",3,3,100,30,6,5,44,46,5,"few",10
"female","female",66,121,7.5,"Senior",0,0,31,0,8,10,47,48,7,"few",40
"female","other",64,204,10,"Sophomore",0,1,90,150,6,10,56,58,9,"hundreds",90
"male","male",70,200,14,"Freshman",1,1,70,40,9,2,50,51,8,"hundreds",20
"female","female",60,107,5.5,"Freshman",1,1,90,110,6.5,12,54,56,7,"one",65
"female","female",60,120,6.5,"Freshman",1,2,110,25,6.5,20,45,40,7,"few",100
"male","male",65,185,9,"Sophomore",0,1,90,300,6.5,6,45,47,4,"few",90
"female","female",66,125,8.5,"Freshman",2,1,100,25,8,20,50,51,7,"few",30
"female","female",64,120,7.5,"Freshman",7,0,87,14,8,10,44,43,7,"few",80
"female","female",66,135,8.5,"Junior",3,3,90,10,7,15,60,63,7,"one",65
"female","female",62,130,6,"Sophomore",4,5,60,50,5.5,12,49,48,3,"one",35
"female","female",65,139,9.5,"Freshman",0,1,80,0,6.5,10,46,47,6,"one",75
"female","female",66,125,9,"Freshman",2,3,112,0,5,17,53,54,6,"hundreds",50
"female","female",62,167,7.5,"Freshman",4,0,0,120,7,7,37,44,7,"few",50
"male","male",73,158,10.5,"Junior",20,2,112,20,8,8,51,57,10,"one",48
"female","female",64,122,8,"Freshman",1,4,70,100,7,20,39,56,4,"few",90
"female","female",65,110,7.5,"Freshman",9,2,90,110,6.5,12,49,52,10,"thousands",100
"male","male",70,225,10,"Freshman",2,1,115,70,8,3,53,55,7,"hundreds",60
"female","female",62,145,7,"Sophomore",7,2,90,1000,9.5,20,48,47,7,"one",75
"female","female",66,140,8.5,"Freshman",1,2,85,9,7.5,9,51,57,5,"dozens",70
"female","female",68,170,10,"Freshman",0,3,100,65,7,8,46,50,6,"few",100
"male","male",65,171,8.5,"Sophomore",3,1,0,500,5.5,3,50,53,3,"none",60
"male","male",73,165,10.5,"Freshman",3,3,0,800,8.5,5,44,50,4,"few",0
"female","female",63,180,7.5,"Freshman",7,2,70,35,8.5,9,35,37,7,"few",90
"female","female",76,108,9.5,"Sophomore",0,0,0,140,9,8,45,46,6,"few",10
"female","female",65,128,8,"Freshman",3,2,80,100,7.5,20,50,50,6,"few",20
"female","female",64,120,7.5,"Sophomore",5,2,128,15,9,35,53,54,7,"one",70
"male","male",66,136,9.5,"Sophomore",1,2,95,55,7,8,55,63,3,"thousands",80
"male","male",72,187,12,"Freshman",5,6,90,16,8.5,3,46,47,7,"few",75
"female","female",64,104,7,"Freshman",0,2,0,400,7,7,39,46,6,"few",80
"male","male",70,130,10.5,"Sophomore",0,1,0,14,6,3,46,56,4,"few",50
"female","female",62,135,7,"Sophomore",0,1,85,2,4.5,15,56,54,5,"one",75
"female","female",62,111,6,"Freshman",8,1,40,60,9,11,40,43,8,"few",100
"male","male",67,132,10,"Freshman",1,2,90,13,7,8,56,56,7,"dozens",70
"male","male",74,148,11,"Sophomore",3,0,70,0,7,2,55,51,7,"few",50
"female","female",63,111,7.5,"Freshman",1,0,80,150,8.5,10,56,50,5,"hundreds",30
"female","female",65,130,8,"Sophomore",0,4,100,22,6.5,20,58,58,9,"few",50
"female","female",64,120,5.5,"Freshman",0,0,0,40,7.5,6,42,49,9,"one",90
"female","female",63,146,5.5,"Freshman",6,4,35,0,8,25,38,42,5,"one",90
"female","female",48,80,4,"Freshman",6,1,96,80,5,0,45,46,8,"few",75
"female","female",65,130,7.5,"Sophomore",2,1,83,40,7,15,56,63,9,"thousands",50
"female","female",66,280,6,"Sophomore",15,7,90,5,7,10,55,57,7,"few",50
"male","male",69,130,10.5,"Freshman",2,2,90,40,6.5,3,53,56,7,"hundreds",100
"male","male",75,215,11,"Senior",5,2,115,60,6,4,52,54,8,"hundreds",100
"female","female",61,145,7,"Freshman",0,2,80,0,7.5,5,47,55,5,"one",50
"female","female",65,120,10,"Freshman",2,3,115,30,6.5,19,54,55,3,"one",15
"female","female",65,130,8,"Sophomore",2,5,100,25,5,10,42,43,5,"few",85
"male","male",68,180,9.5,"Junior",2,1,0,0,8,6,50,52,3,"dozens",20
"female","female",62,180,8,"Freshman",0,5,0,60,8,6,38,41,2,"one",2
"male","male",69,147,11,"Freshman",0,1,0,87,8,2,50,52,8,"hundreds",0
"male","male",69,135,8,"Sophomore",3,0,155,1000,6,5,36,35,4,"few",50
"male","male",69,136,8,"Freshman",1,0,0,400,8.5,8,48,47,3,"few",50
"female","female",62,165,8,"Freshman",1,2,93,150,7,7,48,49,6,"hundreds",100
"female","female",63,150,7,"Freshman",6,3,0,1,10,15,46,48,7,"one",100
"female","female",66,200,8,"Freshman",0,1,90,15,6,15,48,49,8,"few",100
"female","female",68,137,9.5,"Freshman",1,0,88,200,8,30,54,54,5,"few",100
"male","male",67,150,10.5,"Freshman",0,1,120,200,7,1,40,50,7,"one",100
"female","female",67,177,8,"Senior",5,1,103,100,8,40,52,50,5,"few",30
"female","female",67,109,7.5,"Freshman",0,2,105,35,8,10,48,44,5,"dozens",50
"female","female",63,187,7.5,"Sophomore",5,3,100,0,6,17,48,50,5,"one",50
"female","female",64,135,8,"Freshman",0,2,80,22,7,16,45,50,3,"few",20
"male","male",72,163,9.5,"Sophomore",7,2,100,3,8,4,56,57,8,"few",10
"male","male",69,190,10.5,"Senior",0,1,0,300,8,2,43,50,9,"thousands",20
"female","female",65,112,7.5,"Sophomore",2,1,90,30,5.5,20,43,44,3,"few",80
"female","female",64,150,8,"Sophomore",20,3,95,60,8,50,47,46,10,"dozens",10
"male","male",72,245,13,"Sophomore",1,1,70,130,6,10,56,57,9,"dozens",15
"female","female",62,105,6.5,"Sophomore",1,1,70,15,7,4,50,49,4,"one",99
"female","female",61,102,6.5,"Junior",4,1,95,6,7.5,14,44,44,2,"hundreds",70
"female","female",67,143,9,"Freshman",0,0,0,50,7,6,47,50,4,"few",50
"female","female",60,125,6,"Freshman",1,2,90,52,8,20,46,46,2,"few",100
"female","female",66,180,10,"Sophomore",0,2,85,300,7.5,22,40,51,6,"one",50
"male","male",68,150,9,"Sophomore",1,3,90,30,8,3,54,52,7,"few",20
"male","male",70,155,10,"Sophomore",2,2,100,30,8,7,58,58,10,"hundreds",100
"female","female",63,125,6.5,"Sophomore",0,1,100,0,8,20,43,47,7,"few",50
"female","female",62,125,7,"Sophomore",1,2,90,80,8,20,53,53,7,"dozens",20
"female","female",63,113,7.5,"Junior",2,2,0,20,6.5,15,45,45,8,"few",50
"female","female",65,128,7.5,"Senior",1,1,60,25,8.5,16,46,47,4,"dozens",60
"male","male",68,133,8.5,"Sophomore",2,0,80,4,8,8,46,44,7,"few",30
"female","female",65,100,7,"Freshman",0,1,0,30,10,10,47,46,7,"hundreds",75
"female","other",60,102,6.5,"Freshman",0,1,80,4,7,4,50,49,6,"one",100
"female","female",66,120,6.5,"Junior",2,0,0,0,5.5,10,46,48,4,"few",10
"female","female",62,120,7.5,"Sophomore",0,1,120,100,5.5,15,56,60,9,"hundreds",100
"female","female",65,174,8.5,"Sophomore",10,4,90,40,7,12,47,52,5,"few",80
"male","male",69,175,10,"Senior",2,0,120,0,8,5,48,52,10,"few",50
"female","female",61,135,8,"Senior",2,2,88,0,6.5,11,60,65,2,"hundreds",65
"female","female",66,160,8.5,"Sophomore",3,1,130,0,9,15,46,48,10,"dozens",10
"female","female",64,115,7,"Sophomore",1,1,90,20,7,8,45,46,8,"few",50
"female","female",68,140,8.5,"Senior",5,5,100,1,8,12,59,55,4,"none",99
"female","female",63,138,6,"Sophomore",0,1,85,9,6.5,12,48,52,6,"few",60
"male","male",72,145,10,"Freshman",0,1,0,100,8,7,48,50,7,"one",60
"female","female",65,150,7,"Senior",1,2,110,5,6,12,58,56,3,"thousands",75
"female","female",70,180,9.5,"Senior",0,0,90,100,7,20,59,56,2,"few",50
"female","female",64,108,7,"Freshman",5,2,80,0,8,15,46,42,6,"one",100
"female","female",62,115,8.5,"Freshman",4,5,110,150,8,20,54,55,3,"one",60
"male","male",72,163,10.5,"Sophomore",5,0,80,41,7,6,45,48,5,"few",40
"male","male",71,177,10.5,"Senior",0,2,0,0,8,2,45,47,7,"few",10
"female","female",64,115,6.5,"Sophomore",2,2,75,30,8,16,46,48,10,"few",100
"male","male",93,80,10,"Sophomore",10,5,30,9,7,6,49,41,4,"few",15
"male","male",67,150,9,"Sophomore",0,0,0,6,7,5,49,50,5,"dozens",10
"female","female",66,120,9,"Junior",1,1,105,20,6,25,50,64,4,"few",30
"male","male",68,175,11,"Senior",5,2,80,0,7,5,54,60,6,"dozens",10
"female","female",67,128,7.5,"Freshman",0,0,0,500,6.5,17,44,44,8,"none",20
"female","female",67,105,6.5,"Junior",5,1,80,60,7.5,5,49,60,4,"thousands",85
"male","male",73,123,8,"Sophomore",0,6,87,100,7,9,45,49,7,"none",25
"female","female",65,114,7,"Senior",0,0,85,40,7.5,40,45,47,7,"few",15
"male","male",68,150,10,"Junior",0,1,70,40,6,6,60,62,10,"hundreds",50
"male","male",70,176,10.5,"Senior",3,3,104,400,7.5,6,49,51,10,"thousands",25
"female","female",60,90,6.5,"Sophomore",0,1,140,1,4.5,25,36,36,3,"millions",100
"female","female",64,141,8,"Sophomore",15,2,60,20,6,10,47,47,4,"thousands",70
"male","male",70,163,9.5,"Sophomore",0,3,100,500,9,10,45,47,6,"few",30
"male","male",72,185,10.5,"Junior",1,4,112,200,7,6,49,49,4,"one",100
"female","other",67,145,9,"Freshman",1,2,90,200,8,40,50,49,9,"one",60
"female","female",66,145,8,"Sophomore",11,3,100,300,8,25,53,59,7,"dozens",90
"female","female",67,155,8.5,"Junior",1,1,145,150,6.5,70,55,55,2,"few",3
"female","female",64,170,8,"Senior",7,2,100,7,6,15,42,47,4,"one",75
"female","female",70,179,10,"Senior",0,5,0,0,6,7,57,60,3,"few",30
"female","female",59,100,4,"Sophomore",0,4,0,5,8,10,51,54,2,"few",100
"male","male",81,129,9.5,"Junior",1,1,120,100,10,9,51,52,6,"one",2
"female","female",60,120,6,"Sophomore",5,2,80,18,5.5,10,54,55,5,"few",50
"male","male",68,200,10,"Junior",0,1,100,15,7,4,48,50,1,"one",50
"male","male",77,244,11,"Graduate",9,3,110,1,7,4,61,59,8,"hundreds",100
"female","female",66,140,8.5,"Sophomore",2,2,90,20,7.5,17,54,56,4,"few",60
"female","female",62,120,7,"Freshman",3,1,90,100,6.5,30,50,55,6,"few",100
"female","female",60,126,6.5,"Junior",0,0,97,40,8,28,40,42,5,"few",100
"male","male",70,155,10,"Sophomore",0,3,115,60,7,3,39,45,8,"hundreds",25
"female","female",66,108,7,"Sophomore",0,1,90,5,6,40,54,54,3,"thousands",100
"female","female",65,125,7.5,"Sophomore",2,1,85,5,7,15,51,51,4,"few",70
"female","female",62,106,6,"Sophomore",0,0,0,300,7.5,9,47,48,6,"one",85
"male","male",68,160,10.5,"Junior",0,1,85,0,7,15,50,50,4,"one",19
"male","male",73,174,11.5,"Sophomore",0,1,100,10,6.5,5,47,47,4,"few",75
"female","female",65,117,8,"Freshman",0,0,0,120,7.5,10,47,47,6,"few",50
"male","male",68,150,10,"Sophomore",1,2,100,12,6.5,3,52,56,2,"dozens",100
"female","female",66,219,8,"Senior",5,2,90,20,6.5,25,58,65,6,"millions",50
"male","male",70,159,10,"Sophomore",2,3,85,40,7,6,52,52,9,"thousands",90
"female","female",66,132,6.5,"Sophomore",1,0,0,0,8,7,48,48,4,"few",50
"male","male",75,245,12,"Freshman",1,2,160,28,7.5,8,50,49,6,"few",15
"female","female",70,155,11,"Sophomore",10,1,90,200,8,14,51,53,9,"few",50
"female","female",67,145,9,"Sophomore",0,3,85,0,8,30,51,61,10,"few",50
"female","female",63,180,8,"Sophomore",13,3,80,2,5.5,20,51,50,2,"few",60
"female","female",64,130,9,"Sophomore",5,2,75,10,8,8,49,57,3,"one",50
"male","male",72,154,11,"Sophomore",2,4,105,2,8,10,57,59,1,"hundreds",5
"male","male",71,250,10.5,"Junior",1,2,85,500,6.5,4,51,53,6,"thousands",35
"female","female",63,140,8,"Sophomore",0,0,110,11,6.5,10,65,65,10,"few",100
"male","male",65,140,9,"Senior",2,3,90,14,7,5,59,62,2,"one",20
"female","female",66,176,8.5,"Sophomore",0,1,0,20,7,4,48,48,7,"hundreds",0
"female","female",67,130,10,"Sophomore",16,1,85,300,8,15,51,53,7,"few",50
"female","female",64,130,8,"Sophomore",1,2,90,40,6,15,51,51,7,"one",90
"female","female",65,160,9,"Sophomore",0,1,70,25,7.5,12,52,55,7,"few",30
"male","male",67,148,9,"Sophomore",0,1,60,20,7.5,5,54,56,6,"few",20
"female","female",63,100,6,"Senior",0,3,0,50,6,3,57,62,2,"dozens",30
"female","female",68,160,9.5,"Junior",2,1,120,12,7.5,13,46,44,9,"dozens",50
"female","female",63,133,7,"Junior",9,3,85,61,8,48,56,56,4,"one",50
"female","female",65,120,8,"Junior",0,1,100,60,5,20,50,48,7,"dozens",0
"female","female",67,140,9,"Junior",30,3,77,10,7,12,59,60,2,"hundreds",5
"male","male",70,166,10,"Sophomore",1,1,71,9,6,4,47,51,2,"few",39
"male","male",66,139,9,"Sophomore",2,0,0,150,7,9,44,53,7,"one",10
"female","female",62,109,7,"Senior",1,3,100,2,7.5,8,41,54,10,"millions",50
"male","male",73,160,14,"Sophomore",1,1,75,25,8,14,52,49,6,"few",100
"male","male",70,140,10,"Senior",1,1,60,5,9,5,54,63,6,"millions",100
"male","male",72,200,10.5,"Sophomore",2,4,90,11,6.5,3,37,37,5,"one",100
"female","female",70,180,9.5,"Sophomore",10,5,90,30,8,12,56,58,7,"one",50
"female","female",72,140,10,"Sophomore",2,2,85,13,7,7,44,47,2,"one",75
"male","male",68,124,10,"Sophomore",20,2,103,20,7,5,49,56,7,"few",100
"female","female",64,157,8,"Sophomore",1,2,110,12,7,30,54,54,8,"few",90
"female","female",61,120,6,"Freshman",0,4,80,40,6,10,55,60,7,"one",100
"male","male",71,205,12,"Sophomore",0,4,100,1000,7,5,50,54,7,"thousands",70
"female","female",64,154,8.5,"Senior",2,0,50,20,8,20,54,53,9,"dozens",90
"female","female",66,119,7.5,"Freshman",2,1,90,40,5.5,15,48,52,3,"few",95
"female","female",61,93,4,"Sophomore",3,2,60,60,7,6,53,55,2,"few",70
"male","male",75,175,13,"Sophomore",3,1,90,10,9,7,53,57,3,"one",50
"male","male",66,130,7.5,"Sophomore",1,3,80,20,6.5,1,40,50,7,"few",15
"female","female",67,160,8.5,"Sophomore",3,0,100,30,5,20,60,61,4,"few",95
"male","male",76,200,12,"Junior",9,1,126,28,7.5,4,52,51,8,"thousands",30
"male","male",65,142,9,"Sophomore",5,4,82,16,7,4,50,49,5,"few",100
"female","female",62,120,8,"Sophomore",0,0,80,20,6,14,49,52,8,"few",70
"female","female",67,150,9.5,"Junior",4,1,100,0,9,6,59,62,3,"few",15
"female","female",72,95,7,"Junior",0,0,0,20,7,6,46,53,4,"few",10
"female","female",67,125,8,"Junior",0,0,78,7,5,13,44,46,8,"few",90
"female","female",65,100,6.5,"Freshman",1,1,0,150,8,8,45,46,8,"one",50
"female","female",66,140,8.5,"Sophomore",0,3,95,0,7,22,47,48,7,"few",95
"male","male",75,190,13,"Sophomore",0,1,80,100,8.5,15,64,65,3,"dozens",40
"female","female",64,104,7,"Sophomore",0,0,110,0,6,8,54,55,2,"dozens",10
"male","male",72,160,9.5,"Junior",0,2,100,25,7.5,8,52,51,7,"hundreds",70
"female","female",70,170,10,"Sophomore",2,2,90,70,8,10,46,47,6,"one",100
"female","female",63,153,8.5,"Sophomore",2,2,80,13,7.5,23,44,44,4,"dozens",55
"male","male",73,140,9.5,"Sophomore",1,0,70,500,8.5,2,45,45,8,"few",70
"female","female",64,185,8.5,"Sophomore",2,4,72,6,6.5,12,58,58,7,"one",30
"female","female",59,100,5,"Sophomore",3,0,90,23,7,50,53,55,7,"few",50
"male","male",67,155,9.5,"Junior",3,1,121,2,6,20,42,52,7,"few",70
"female","female",62,130,7,"Sophomore",1,0,90,60,6,6,46,47,3,"millions",80
"male","male",72,150,11.5,"Sophomore",0,2,115,50,6.5,15,48,55,4,"hundreds",85
"male","male",71,140,9.5,"Sophomore",2,1,100,10,6.5,6,42,45,1,"few",3
"female","female",62,105,7.5,"Senior",3,0,95,0,6.5,12,47,47,3,"one",80
"male","male",65,101,8,"Freshman",0,2,0,0,7,3,49,52,6,"dozens",36
"male","male",71,186,11.5,"Sophomore",1,2,90,100,7.5,5,40,42,5,"dozens",50
"female","female",70,160,9.5,"Sophomore",4,2,115,50,6,10,53,53,8,"few",80
"male","male",68,168,10,"Sophomore",2,1,80,20,7.5,7,48,48,4,"few",20
"female","female",64,118,7,"Junior",4,2,90,30,7.5,22,41,42,7,"few",25
"female","female",65,149,8,"Junior",3,2,100,0,7,12,39,38,4,"few",49
"female","female",67,181,9.5,"Sophomore",0,1,85,20,5.5,26,49,51,5,"few",50
"female","female",61,128,7,"Freshman",0,1,85,40,7,7,57,57,5,"dozens",100
"male","male",68,128,8.5,"Junior",8,2,90,90,7,4,42,47,4,"one",0
"female","female",62,115,6.5,"Sophomore",6,3,90,0,7,20,51,50,3,"few",100
"female","female",64,120,6.5,"Senior",2,3,105,5,5,15,48,50,1,"one",95
"male","male",72,243,12,"Sophomore",4,2,105,3,7,8,44,45,7,"few",70
"female","female",62,125,7.5,"Sophomore",0,0,90,28,7.5,12,47,48,1,"few",56
"female","female",65,106,7.5,"Sophomore",0,1,84,6,7,30,49,56,6,"dozens",69
"male","male",67,170,10.5,"Sophomore",2,1,95,10,5.5,4,55,57,1,"dozens",95
"female","female",67,130,8.5,"Senior",5,2,103,65,6,30,48,52,6,"few",50
"female","female",61,170,7,"Senior",30,5,90,13,7,5,56,56,5,"millions",100
"male","male",75,149,12,"Junior",10,3,84,300,8,8,40,43,4,"millions",90
"male","male",70,143,10,"Sophomore",2,0,31,1000,8.5,6,47,51,7,"few",25
"female","female",62,125,8.5,"Junior",0,2,70,27,7.5,15,40,42,7,"one",80
"male","male",68,150,8.5,"Junior",1,4,100,25,8,8,47,58,4,"few",80
"female","female",61,111,6,"Sophomore",2,3,100,80,8,10,49,51,7,"one",95
"male","male",67,128,8,"Sophomore",3,3,63,120,7,10,42,50,6,"few",10
"male","male",68,165,9.5,"Junior",1,2,100,0,9.5,7,47,49,5,"hundreds",75
"female","female",66,120,8,"Sophomore",0,1,80,22,8,14,46,51,6,"dozens",35
"male","male",70,195,11.5,"Sophomore",0,3,90,0,4,5,53,65,7,"one",25
"female","female",62,160,8.5,"Junior",0,3,110,100,8,10,62,65,6,"few",100
"female","female",63,125,8.5,"Sophomore",1,1,100,200,8,13,46,45,7,"hundreds",50
"female","female",65,110,7.5,"Freshman",1,1,50,150,7,10,54,60,7,"few",70
"male","male",70,155,9.5,"Sophomore",0,5,90,5,7.5,6,52,57,1,"dozens",80
"male","male",69,165,10,"Sophomore",0,1,60,70,8,5,44,44,9,"millions",5
"male","male",70,146,9,"Sophomore",0,0,80,5,7.5,6,51,53,3,"few",10
"male","male",73,205,13,"Sophomore",2,2,110,0,8,3,43,43,7,"dozens",10
"female","female",67,134,8.5,"Sophomore",7,3,82,11,7,4,44,45,5,"one",100
"male","male",68,162,9.5,"Junior",7,1,110,800,6,6,53,56,7,"one",100
"female","female",65,160,8.5,"Sophomore",5,4,85,32,7,50,58,58,3,"few",85
"female","female",68,132,9,"Sophomore",1,1,110,5,6.5,15,49,48,4,"few",80
"male","male",75,181,12.5,"Freshman",0,1,100,150,8,7,47,48,7,"one",10
"male","male",71,186,11.5,"Junior",1,2,110,20,7.5,7,55,57,9,"dozens",15
"female","female",63,130,6.5,"Sophomore",0,1,40,4,7,16,53,53,9,"few",95
"female","female",63,127,7.5,"Junior",8,2,0,400,8.5,5,49,50,1,"thousands",0
"female","female",67,116,6,"Senior",4,0,0,100,8,20,49,51,2,"hundreds",50
"female","female",65,155,10,"Senior",0,4,91,10,6,15,55,57,4,"few",100
"male","male",70,155,9,"Sophomore",0,2,110,2,7,4,57,56,10,"thousands",0
"male","male",74,180,11.5,"Sophomore",9,1,75,100,6.5,10,46,40,7,"one",100
"female","female",77,103,7.5,"Junior",0,0,60,120,7.5,12,46,47,2,"few",50
"male","male",72,170,11.5,"Sophomore",4,2,60,50,7.5,3,45,40,5,"dozens",10
"male","male",67,180,10.5,"Sophomore",6,2,83,0,7.5,7,50,50,4,"dozens",10
"male","male",72,165,9.5,"Sophomore",0,1,70,400,8,3,45,48,8,"one",30
"female","female",70,164,10.5,"Senior",1,3,92,62,7.5,25,51,51,2,"few",40
"male","male",65,153,8.5,"Freshman",1,1,100,120,7,1,45,50,4,"dozens",50
"female","female",68,160,10,"Sophomore",6,2,75,10,6,8,50,46,5,"few",94
"female","female",63,107,7.5,"Sophomore",2,1,105,20,7,15,50,50,7,"thousands",40
"female","female",64,114,6.5,"Sophomore",0,0,0,200,7,10,49,49,2,"few",70
"male","male",67,138,9,"Junior",0,2,0,0,8.5,4,51,53,5,"one",80
"female","female",65,118,7.5,"Senior",6,1,109,0,7.5,13,55,55,4,"few",80
"male","male",69,140,8.5,"Freshman",1,3,100,200,6.5,5,59,63,8,"few",95
"male","male",72,225,12,"Senior",3,8,95,4,6,6,62,64,4,"one",75
"female","female",66,163,9,"Sophomore",6,2,100,0,9,8,47,50,3,"one",0
"male","male",72,194,13,"Sophomore",1,1,112,15,8.5,7,55,58,5,"hundreds",100
"male","male",70,150,10.5,"Sophomore",2,2,110,1000,8,6,52,52,2,"thousands",10
"male","male",69,176,10.5,"Sophomore",0,0,117,50,7.5,10,44,48,1,"one",0
"female","female",66,145,9,"Junior",1,1,112,80,8,18,53,53,7,"thousands",100
"female","female",66,140,7.5,"Junior",9,2,100,27,6,6,53,58,9,"hundreds",90
"female","female",63,120,6.5,"Junior",5,2,105,200,7,20,50,56,6,"few",50
"female","female",64,135,8,"Senior",2,1,0,40,6.5,15,47,46,7,"few",8
"male","male",70,175,10,"Sophomore",5,2,110,0,6.5,7,55,56,4,"dozens",50
"male","male",71,190,11.5,"Sophomore",10,2,120,0,7,5,37,39,5,"few",40
"female","female",64,213,7.5,"Sophomore",4,3,90,28,6,15,36,39,6,"one",75
"female","female",70,180,10.5,"Sophomore",1,3,112,46,7,25,45,47,4,"few",100
"male","male",67,170,10.5,"Junior",3,2,80,5,7,10,52,49,1,"few",20
"female","female",62,115,7.5,"Junior",3,1,90,0,7.5,12,58,46,2,"few",70
"female","female",64,105,6.5,"Freshman",0,1,85,100,7,20,53,56,7,"one",75
"female","female",63,115,8,"Senior",11,1,90,15,6.5,6,56,46,9,"thousands",80
"male","male",69,159,10.5,"Sophomore",0,2,111,6,7,10,49,50,10,"few",20
"female","female",67,105,8,"Freshman",6,3,95,60,7,8,45,47,9,"thousands",72
"male","male",74,145,11,"Sophomore",0,2,65,150,7,4,48,48,6,"none",90
"female","female",64,135,9,"Sophomore",3,2,105,75,6.5,34,45,46,9,"one",45
"male","male",75,191,12,"Junior",2,0,95,0,7.5,8,49,55,2,"few",25
"female","female",66,152,9,"Sophomore",10,2,106,15,7.5,21,60,60,2,"one",70
"female","female",62,141,7,"Sophomore",2,1,52,140,8,6,45,53,2,"few",50
"female","female",62,110,4.5,"Sophomore",0,2,0,50,7,10,51,51,2,"few",5
"male","male",70,132,11,"Senior",7,6,0,20,7,2,57,61,7,"one",60
"male","male",67,150,9,"Freshman",0,0,74,1000,9,2,54,58,3,"few",10
"female","female",70,200,11,"Junior",0,2,80,30,6,10,54,52,5,"one",100
"male","male",68,130,10,"Sophomore",4,2,90,20,8.5,5,41,46,3,"few",30
"female","female",62,108,7,"Junior",1,1,100,110,7.5,20,45,50,3,"one",10
"male","male",67,152,10.5,"Sophomore",1,1,80,1000,7,4,49,50,5,"few",10
"male","male",72,172,11.5,"Junior",6,3,135,0,5,3,52,56,4,"few",100
"male","female",68,199,12,"Sophomore",2,1,100,0,7,4,46,49,7,"few",0
"female","female",65,160,8.5,"Junior",0,0,80,200,6,15,46,48,5,"millions",50
"male","male",66,170,9,"Freshman",5,2,110,150,7.5,7,48,51,3,"few",10
"female","female",62,145,7.5,"Sophomore",1,1,93,500,6.5,30,42,43,6,"hundreds",80
"female","female",67,150,9,"Sophomore",1,2,100,8,7,7,47,51,3,"few",60
"male","male",68,165,9.5,"Senior",5,2,100,200,6,10,53,53,7,"hundreds",80
"male","male",75,140,13.5,"Junior",5,1,195,0,8,4,50,50,1,"millions",99
"female","female",62,190,9,"Junior",2,1,60,30,8,20,50,50,2,"few",50
"male","male",71,197,12,"Sophomore",0,1,100,0,6,5,46,50,3,"millions",50
"female","female",64,128,7.5,"Sophomore",7,0,100,60,8,8,44,43,6,"thousands",70
"male","male",73,145,11.5,"Sophomore",1,2,100,80,7,5,52,53,3,"few",100
"female","female",61,145,8,"Sophomore",7,2,65,3,6.5,15,47,50,7,"one",50
"male","male",69,162,10,"Junior",6,1,35,14,5.5,4,51,53,3,"millions",18
"male","male",70,165,11.5,"Freshman",0,1,115,0,8,6,52,52,3,"one",25
"male","male",74,175,11.5,"Senior",0,0,71,5,6,7,54,55,7,"hundreds",99
"male","male",68,135,8,"Sophomore",1,1,110,65,7.5,10,46,47,2,"dozens",60
"female","female",62,132,7,"Sophomore",0,1,90,0,7.5,9,54,54,9,"few",90
"male","male",68,155,9,"Freshman",2,4,0,28,4.5,6,40,43,8,"few",100
"male","male",70,185,11.5,"Sophomore",2,2,125,100,8,7,58,60,5,"few",100
"male","male",72,168,10.5,"Junior",4,0,130,60,7,32,54,48,7,"few",90
"female","female",65,131,7,"Junior",0,1,88,21,6,60,51,58,1,"one",10
"female","female",65,105,6,"Sophomore",3,3,40,30,6,11,46,55,2,"one",40
"female","female",62,163,8.5,"Senior",5,1,100,50,5.5,20,44,46,6,"few",50
"male","male",65,145,8,"Freshman",1,2,0,300,8,4,47,49,7,"few",60
"male","male",72,147,8,"Senior",12,1,125,300,6.5,4,59,59,5,"millions",80
"female","female",67,122,9.5,"Sophomore",7,2,85,700,7.5,40,39,44,4,"one",100
"male","male",68,170,8.5,"Sophomore",0,0,0,30,5.5,5,48,48,3,"few",0
"female","female",66,135,9.5,"Freshman",3,3,120,0,6.5,20,39,38,7,"dozens",50
"male","male",71,190,10.5,"Sophomore",2,3,140,0,6.5,10,46,46,8,"one",70
"male","male",90,170,9.5,"Sophomore",0,0,40,10,7.5,8,48,52,5,"few",50
"female","female",63,120,7.5,"Sophomore",4,5,85,25,8,15,49,52,3,"few",50
"male","male",71,170,11.5,"Sophomore",3,0,110,200,7,4,53,55,10,"few",0
"female","female",63,135,9,"Sophomore",1,3,140,3,4,10,43,45,9,"one",40
"male","male",73,195,12,"Sophomore",26,3,170,6,7.5,20,47,52,1,"few",50
"female","female",64,135,8,"Freshman",3,3,90,0,7.5,20,43,53,4,"dozens",75
"male","male",66,140,7.5,"Senior",4,1,100,30,8,8,55,60,3,"few",10
"female","female",66,116,7.5,"Junior",0,1,80,25,6,15,60,54,5,"dozens",75
"male","male",72,185,12,"Freshman",2,1,100,150,6.5,8,50,50,3,"one",100
"female","female",64,135,7,"Freshman",7,2,92,50,6.5,10,42,39,6,"few",20
"male","male",69,132,10.5,"Freshman",1,1,162,150,9,2,44,48,7,"few",100
"male","male",63,200,7,"Freshman",6,0,0,55,8,3,54,54,3,"few",90
"female","female",55,126,9,"Junior",0,0,0,1000,7.5,10,50,50,8,"one",20
"male","male",70,165,9.5,"Sophomore",0,0,90,2,9,3,54,58,5,"one",15
"female","female",65,140,8,"Sophomore",2,1,90,2,8,10,43,55,7,"hundreds",70
"female","female",64,120,8,"Senior",10,0,95,20,7,25,52,51,9,"one",99
"female","female",65,180,10,"Sophomore",2,4,85,20,8,8,51,56,5,"few",50
"female","female",70,149,8.5,"Sophomore",3,2,75,50,8,15,46,46,7,"few",50
"female","female",65,135,6,"Senior",0,0,0,10,8,10,50,50,4,"one",15
"male","male",74,185,14,"Junior",8,2,100,1000,7,4,48,51,6,"millions",50
"female","female",68,143,9,"Junior",10,1,100,200,6,18,51,52,6,"few",50
"female","female",69,130,8,"Junior",5,3,0,150,7.5,10,46,50,2,"few",100
"female","female",59,130,7,"Sophomore",2,3,80,75,6.5,14,52,51,7,"few",78
"female","female",63,149,8.5,"Sophomore",6,3,100,15,6,12,56,58,3,"one",10
"male","male",68,145,11,"Sophomore",5,2,105,120,9,5,51,51,6,"hundreds",10
"male","male",73,200,12,"Sophomore",0,3,0,10,8,10,37,40,2,"few",95
"male","male",71,157,9.5,"Junior",0,0,80,10,7.5,7,48,50,7,"one",50
"female","female",63,115,7,"Sophomore",1,3,75,70,6,25,43,45,7,"few",100
"male","male",70,144,10.5,"Sophomore",1,1,110,0,5,3,47,52,6,"few",50
"female","female",64,130,7.5,"Sophomore",0,0,0,50,7,6,49,51,7,"few",40
"female","female",65,165,8.5,"Sophomore",8,3,120,86,7.5,20,46,61,8,"few",85
"female","female",64,160,7.5,"Sophomore",3,4,100,20,5.5,30,36,39,6,"one",30
"male","male",72,150,12,"Sophomore",6,2,115,20,9,4,51,50,4,"one",30
"female","male",66,175,8.5,"Sophomore",1,2,100,10,7,20,52,55,7,"few",25
"male","male",70,142,11.5,"Junior",0,2,90,20,8,7,50,51,7,"dozens",40
"female","female",65,125,8,"Sophomore",1,4,100,15,7,20,54,55,3,"few",60
"male","male",66,148,9.5,"Sophomore",0,7,87,0,8,4,45,56,7,"millions",25
"male","male",70,175,10.5,"Junior",1,3,120,200,7.5,9,50,54,7,"few",50
"male","male",71,282,13,"Senior",0,1,65,20,9,5,44,48,5,"dozens",100
"female","female",67,138,7.5,"Sophomore",5,1,110,0,7.5,20,46,46,2,"one",100
"female","female",65,133,8.5,"Sophomore",1,3,93,87,7.5,22,53,56,7,"few",50
"female","female",64,140,6,"Junior",8,3,85,0,7,10,51,53,5,"few",70
"male","male",72,185,12.5,"Sophomore",0,2,70,0,7,6,44,47,2,"hundreds",10
"female","female",62,125,5.5,"Freshman",3,1,85,300,8.5,16,53,56,2,"one",75
"male","male",71,175,11.5,"Junior",0,2,100,26,6.5,5,49,55,7,"dozens",90
"male","male",69,190,8.5,"Freshman",30,2,135,20,8,4,53,58,5,"one",20
"female","female",64,112,6.5,"Senior",6,1,120,100,8,17,55,56,7,"thousands",90
"male","male",70,160,9.5,"Junior",8,1,90,22,9,4,46,52,6,"one",90
"male","male",74,235,12,"Senior",0,1,90,200,6,6,55,60,4,"one",50
"male","male",71,195,11,"Sophomore",6,2,100,50,8.5,3,42,50,7,"one",50
"male","male",72,190,13,"Junior",6,4,100,35,8,30,37,38,10,"hundreds",99
"female","female",66,140,7.5,"Sophomore",3,1,90,10,6,15,58,62,7,"one",90
"female","female",67,149,9,"Junior",2,1,95,25,6.5,20,52,52,6,"few",25
"female","female",64,132,7.5,"Sophomore",2,2,80,8,7,6,42,47,7,"few",80
"female","female",59,125,6,"Freshman",5,2,80,30,7,4,51,51,7,"hundreds",100
"male","male",67,118,7.5,"Senior",0,6,85,61,7.5,7,65,65,4,"few",10
"female","female",62,140,8,"Sophomore",2,1,90,120,6.5,20,52,53,7,"few",100
"female","female",56,139,5.5,"Sophomore",8,1,0,20,6.5,7,47,48,5,"one",100
"female","other",64,132,8.5,"Freshman",2,0,0,0,7.5,4,50,50,10,"millions",100
"female","female",68,130,7.5,"Senior",3,1,95,0,6,30,54,54,8,"few",100
"male","male",70,150,10,"Freshman",3,2,0,500,7,5,45,48,3,"few",50
"female","female",64,117,7,"Sophomore",4,1,70,30,8,15,47,52,8,"few",50
"female","female",67,127,8,"Senior",1,1,105,4,7,11,51,55,7,"few",70
"male","male",66,133,7.5,"Sophomore",0,0,66,30,6,3,42,47,7,"few",20
"female","female",62,150,8,"Sophomore",3,3,100,95,7,30,58,59,4,"dozens",30
"female","female",62,135,8,"Sophomore",0,2,80,65,6,15,47,54,3,"few",50
