"gender","greek","homeTown","ethnicity","religion","religious","expectedIncome","followElection","president","liberal","environment","terrorism","economicInequality","racism","genderEquality","security","familyVal","gunControl","taxes","bigMoney","illegalImmigrants","farRightPol","farLeftPol","religiousFanatics","terrorists","foreignPowers","notVote","policitalParty","voteMar","voteNov","gradeVsLearning","parentRelationship","workHr","tuition","voteParent"
"Male","No","Small Town","White","Christian",1,166,"closely","Marco Rubio",5,6,8,2,3,5,6,3,9,10,9,3,2,2,4,3,2,10,"Other",1,7,6,10,0,100,"Yes"
"Female","Yes","Medium City","White","Other Religion",2,50,"some","Unsure",3,5,6,7,10,8,0,3,2,4,6,4,4,4,2,4,4,2,"Other",0,7,5,8,0,100,"Unsure"
"Female","No","Big City","Other","Christian",6,450,"some","Unsure",8,2,4,8,8,8,2,9,3,3,5,3,5,5,5,4,2,3,"Independent",2,2,2,5,0,0,"Unsure"
"Male","Yes","Big City Subrub","White","Jewish",2,200,"closely","Bernie Sanders",2,7,7,10,4,5,1,0,0,5,10,1,10,10,10,9,5,4,"Democrat",10,10,10,9,0,50,"Yes"
"Male","No","Medium City","White","Agnostic",2,100,"closely","Unsure",5,8,5,5,1,1,5,1,8,4,7,3,5,2,1,5,6,0,"Independent",9,9,5,5,5,50,"Unsure"
"Female","No","Big City Subrub","Asian","Hindu",7,150,"some","Hillary Clinton",2,10,9,10,7,10,6,2,10,5,10,7,8,0,7,7,7,1,"Democrat",5,5,7,10,0,100,"No"
"Female","No","Big City","Asian","Agnostic",5,200,"some","Hillary Clinton",5,5,6,8,9,9,6,3,3,6,4,3,4,4,2,2,2,10,"Democrat",0,-1,10,8,0,100,"No"
"Male","No","Big City","Other","Christian",8,90,"some","Bernie Sanders",0,2,10,10,10,10,6,10,10,5,10,0,5,5,7,10,8,10,"Democrat",8,10,8,10,10,0,"Unsure"
"Male","No","Big City","Asian","Agnostic",1,1000,"some","Donald Trump",5,8,1,2,2,2,0,5,10,3,2,3,5,2,10,5,2,2,"Democrat",-1,-1,7,8,0,100,"Unsure"
"Male","Yes","Big City Subrub","White","Christian",6,200,"some","John Kacich",8,5,9,1,2,6,4,7,8,9,2,2,3,10,1,10,10,1,"Republican",10,10,2,10,5,100,"Yes"
"Male","No","Big City","Asian","Other Religion",2,10,"some","Unsure",2,10,10,5,8,5,5,5,5,5,7,3,5,7,8,10,7,5,"Independent",-1,-1,3,6,0,100,"Unsure"
"Male","No","Big City","Asian","Other Religion",2,10,"some","Donald Trump",2,8,6,2,8,2,3,7,8,8,9,4,4,4,9,8,3,4,"Independent",2,0,8,7,0,100,"No"
"Male","No","Big City Subrub","Asian","Christian",6,120,"closely","Donald Trump",5,3,7,9,6,5,2,2,8,10,10,0,10,4,10,2,10,8,"Independent",0,7,3,6,0,100,"Unsure"
"Male","No","Big City Subrub","Other","Christian",7,100,"closely","Bernie Sanders",2,7,9,2,10,10,6,3,10,5,5,5,5,5,5,5,5,5,"Democrat",10,10,5,7,0,50,"Unsure"
"Female","No","Big City Subrub","White","Christian",2,65,"some","Unsure",4,8,8,8,7,10,5,4,9,6,7,4,9,5,4,8,3,3,"Democrat",0,10,8,8,5,100,"Unsure"
"Male","Yes","Big City Subrub","Asian","Agnostic",0,180,"closely","Bernie Sanders",2,10,10,9,10,9,7,1,8,6,10,4,6,4,9,9,5,6,"Democrat",10,10,3,7,0,100,"Unsure"
"Female","No","Big City","Asian","Buddhist",7,10,"some","Unsure",5,8,8,10,10,9,9,10,7,9,7,6,7,7,7,8,7,4,"Democrat",0,0,5,10,0,0,"Unsure"
"Female","No","Small Town","Asian","Atheist",0,100,"some","Bernie Sanders",4,7,7,4,10,8,2,2,4,4,8,2,7,7,9,10,5,1,"Democrat",-1,-1,5,7,0,100,"No"
"Male","No","Big City Subrub","Asian","Atheist",0,250,"closely","Donald Trump",3,7,6,8,8,5,10,2,2,9,8,10,0,0,2,6,2,0,"Democrat",10,10,10,8,0,80,"No"
"Female","No","Big City","Asian","Atheist",0,60,"some","Hillary Clinton",5,7,9,6,6,10,3,3,7,7,5,3,7,6,7,9,5,3,"Democrat",-1,0,5,9,10,100,"Unsure"
"Male","Yes","Big City","Asian","Agnostic",1,1500,"some","Bernie Sanders",2,8,4,9,7,6,4,0,7,6,10,0,10,3,10,4,5,6,"Democrat",-1,-1,3,8,10,100,"Yes"
"Male","No","Big City","Asian","Atheist",0,85,"some","Bernie Sanders",5,10,5,9,8,7,0,6,5,5,10,3,5,5,5,2,10,0,"Democrat",0,0,3,7,5,100,"Unsure"
"Male","No","Small Town","White","Christian",0,150,"some","Marco Rubio",9,2,10,4,4,5,4,8,1,5,5,1,5,7,3,10,9,1,"Republican",10,10,4,10,30,100,"Unsure"
"Female","No","Big City","Asian","Buddhist",5,100,"some","Bernie Sanders",5,10,7,6,7,7,5,3,5,5,10,1,5,5,5,4,6,9,"Democrat",10,10,10,8,10,100,"Unsure"
"Male","No","Big City","Asian","Buddhist",1,120,"Not at all","Unsure",0,8,10,8,10,8,8,7,10,10,10,9,7,4,5,9,6,7,"Democrat",-1,-1,7,9,50,100,"Unsure"
"Male","Yes","Medium City","White","Christian",4,150,"some","Donald Trump",4,8,7,3,2,2,4,3,0,2,8,2,6,6,7,10,8,5,"Democrat",7,8,7,7,25,100,"No"
"Female","No","Big City Subrub","Asian","Atheist",0,200,"some","Hillary Clinton",5,5,10,10,10,10,10,5,10,10,10,10,10,10,10,3,3,5,"Other",-1,-1,5,7,20,70,"Unsure"
"Female","No","Big City","Asian","Muslim",5,200,"some","Bernie Sanders",4,8,10,10,9,10,5,10,10,6,9,2,5,5,10,10,10,10,"Democrat",-1,-1,2,10,10,10,"Yes"
"Male","No","Big City Subrub","White","Christian",3,150,"closely","Bernie Sanders",3,8,2,5,7,5,3,4,2,4,6,0,5,6,2,3,1,0,"Democrat",1,7,5,7,0,90,"Yes"
"Female","No","Big City","Asian","Atheist",0,360,"some","Hillary Clinton",10,6,4,8,8,8,4,3,7,9,8,4,4,4,5,10,6,0,"Other",-1,-1,10,8,0,100,"No"
"Female","No","Big City Subrub","Asian","Christian",8,100,"some","Bernie Sanders",5,8,9,7,3,4,1,0,2,10,9,8,4,5,1,10,7,0,"Democrat",3,1,8,7,15,80,"No"
"Female","No","Medium City","Asian","Atheist",2,100,"some","Hillary Clinton",5,10,10,6,8,8,6,6,8,4,7,2,6,6,5,4,3,2,"Democrat",3,7,5,8,10,80,"Unsure"
"Female","No","Medium City","Asian","Atheist",0,200,"some","Hillary Clinton",3,6,10,8,8,10,5,6,9,8,5,6,7,8,8,8,5,3,"Independent",-1,-1,5,8,15,100,"No"
"Male","No","Big City Subrub","Other","Agnostic",3,100,"some","Hillary Clinton",2,9,8,6,5,5,3,0,10,6,10,0,7,4,4,5,3,6,"Democrat",1,3,5,8,0,100,"Yes"
"Male","Yes","Big City Subrub","White","Jewish",3,10000,"closely","Ben Carson",7,6,8,5,7,6,7,5,3,9,8,5,6,10,9,9,3,4,"Republican",5,9,5,9,10,70,"Yes"
"Male","Yes","Big City Subrub","White","Agnostic",2,100,"very closely","Donald Trump",3,7,7,5,3,5,8,0,2,6,7,5,8,5,10,4,3,6,"Independent",0,3,4,8,0,80,"No"
"Male","No","Big City Subrub","Asian","Muslim",3,100,"very closely","Bernie Sanders",0,10,7,10,10,10,6,0,10,10,10,3,10,0,7,5,5,0,"Democrat",10,10,10,5,0,0,"Yes"
"Male","No","Big City","Asian","Atheist",0,10000,"some","Hillary Clinton",5,9,8,5,5,6,6,4,5,2,7,5,2,4,5,5,5,6,"Other",-1,-1,7,4,20,60,"Unsure"
"Male","Yes","Big City Subrub","White","Christian",1,250,"very closely","Hillary Clinton",5,10,1,8,8,0,5,0,5,8,10,0,10,5,10,0,0,10,"Independent",10,10,5,8,0,80,"Yes"
"Male","Yes","Small Town","White","Jewish",0,11111,"Not at all","Hillary Clinton",10,1,10,10,10,8,0,0,0,9,0,0,0,0,0,0,0,0,"Independent",1,1,2,1,5,100,"No"
"Male","No","Big City","Asian","Hindu",0,300,"very closely","Bernie Sanders",3,8,6,10,10,6,5,1,10,10,10,5,10,5,7,7,10,10,"Independent",-1,-1,4,8,15,100,"Unsure"
"Male","No","Big City","Asian","Atheist",5,500,"some","Bernie Sanders",3,10,9,8,7,6,5,4,3,1,5,3,5,5,4,4,3,0,"Other",-1,-1,7,8,5,100,"Unsure"
"Female","Yes","Big City Subrub","Other","Agnostic",0,300,"some","Hillary Clinton",1,0,10,6,8,2,3,1,9,4,5,3,7,8,10,9,6,4,"Democrat",10,10,5,2,10,10,"Yes"
"Female","No","Small Town","White","Agnostic",0,120,"some","Bernie Sanders",3,8,6,4,10,10,3,1,6,6,10,1,3,3,7,6,5,2,"Democrat",6,6,4,8,40,40,"Yes"
"Female","Yes","Big City Subrub","White","Christian",5,80,"some","Unsure",4,10,10,7,10,10,10,5,10,10,10,2,5,5,0,10,10,0,"Other",0,5,3,10,15,100,"Yes"
"Female","Yes","Big City Subrub","Asian","Hindu",7,90,"some","Bernie Sanders",4,5,7,8,9,6,4,6,2,5,6,2,5,5,5,6,7,8,"Democrat",3,5,5,9,0,80,"Yes"
"Female","No","Big City Subrub","White","Agnostic",0,50,"very closely","Bernie Sanders",0,10,1,10,10,10,0,0,5,6,10,0,10,0,10,1,0,9,"Independent",10,10,8,6,10,20,"No"
"Female","No","Medium City","Asian","Hindu",5,200,"some","Bernie Sanders",5,5,5,8,10,5,5,5,8,3,5,2,3,2,3,10,9,5,"Democrat",10,10,5,6,10,100,"Yes"
"Female","Yes","Medium City","White","Agnostic",0,75,"closely","Bernie Sanders",2,10,7,6,8,9,6,0,9,1,10,3,8,7,9,5,2,8,"Democrat",10,10,7,10,20,30,"No"
"Male","No","Medium City","Asian","Buddhist",0,100,"some","Hillary Clinton",5,5,5,10,5,8,8,7,10,5,8,2,5,5,5,5,5,10,"Independent",-1,-1,5,7,0,100,"Yes"
"Female","No","Big City Subrub","Asian","Other Religion",3,100,"some","Bernie Sanders",3,8,6,8,8,10,6,5,4,4,5,5,8,3,8,5,4,4,"Democrat",10,10,8,8,0,50,"Unsure"
"Male","No","Big City","Asian","Buddhist",8,500,"closely","Ted Cruz",5,3,8,4,10,3,3,3,6,2,4,5,2,2,8,8,2,2,"Republican",-1,-1,5,10,0,100,"No"
"Female","No","Big City","Other","Christian",0,100,"some","Unsure",5,5,5,3,0,3,1,7,2,8,10,1,9,9,2,4,2,5,"Independent",2,10,5,8,10,0,"No"
"Female","No","Big City Subrub","Asian","Christian",7,80,"some","Bernie Sanders",8,10,6,10,10,10,1,1,1,5,8,0,7,0,5,6,5,7,"Democrat",4,7,5,7,0,10,"Unsure"
"Male","No","Medium City","Asian","Atheist",2,1000,"some","Hillary Clinton",5,7,7,7,7,7,7,7,7,8,5,5,5,5,5,5,5,5,"Other",-1,-1,5,8,0,90,"Unsure"
"Male","No","Medium City","Asian","Atheist",0,180,"some","Bernie Sanders",5,8,8,5,3,4,5,0,3,3,2,2,2,2,2,2,2,7,"Democrat",10,3,10,10,0,100,"Unsure"
"Male","No","Big City","Asian","Atheist",2,200,"some","Bernie Sanders",2,8,8,10,8,8,6,3,8,5,10,2,5,5,2,4,7,8,"Other",-1,-1,8,7,15,100,"No"
"Female","No","Big City","Asian","Christian",7,714,"some","Bernie Sanders",5,4,7,8,7,6,3,4,5,7,8,4,4,3,2,8,8,6,"Independent",-1,-1,6,7,0,100,"Unsure"
"Female","No","Big City","Asian","Agnostic",0,60,"some","Unsure",5,7,7,8,8,8,6,5,7,9,5,7,5,5,7,8,5,4,"Other",5,5,7,8,0,100,"Unsure"
"Male","No","Big City","Asian","Other Religion",0,120,"Not at all","Hillary Clinton",7,3,6,0,9,9,10,6,10,2,6,10,5,5,10,10,3,2,"Independent",0,0,5,7,0,100,"Yes"
"Male","No","Big City Subrub","White","Christian",7,10000,"very closely","Donald Trump",3,6,8,8,7,3,1,5,10,6,8,0,7,7,3,8,2,1,"Democrat",5,8,4,10,5,100,"Unsure"
"Male","Yes","Big City Subrub","White","Christian",5,150,"some","Hillary Clinton",3,8,5,8,8,5,3,0,6,3,10,2,7,7,9,6,5,5,"Democrat",1,1,3,7,0,100,"Yes"
"Female","Yes","Medium City","White","Christian",6,100,"closely","Marco Rubio",6,5,7,8,8,8,5,6,4,6,6,4,5,5,5,8,6,5,"Independent",5,10,4,10,0,100,"Unsure"
"Male","Yes","Big City Subrub","White","Christian",3,100,"some","Marco Rubio",7,4,5,4,3,4,4,2,10,9,4,2,1,3,4,8,5,0,"Republican",2,5,3,6,0,90,"Unsure"
"Male","No","Small Town","Asian","Agnostic",2,100,"Not at all","Hillary Clinton",5,8,5,8,9,5,0,9,2,0,5,5,5,5,5,3,3,0,"Democrat",-1,-1,8,8,0,100,"No"
"Male","No","Small Town","Asian","Christian",10,100,"some","Unsure",5,9,8,7,7,7,7,9,9,7,9,7,5,5,5,8,5,7,"Independent",-1,-1,5,9,0,100,"Unsure"
"Female","No","Big City","Asian","Buddhist",3,24000,"some","Unsure",3,2,9,10,7,8,4,3,5,6,3,5,6,8,7,10,4,9,"Democrat",-1,-1,7,10,10,100,"Unsure"
"Female","No","Big City","Other","Christian",4,100,"some","Bernie Sanders",0,6,5,10,10,10,10,3,10,5,9,0,5,5,6,6,4,10,"Democrat",10,10,0,8,0,90,"Unsure"
"Female","No","Big City","Asian","Agnostic",0,500,"some","Donald Trump",5,8,6,3,9,10,2,2,4,5,4,2,6,6,7,8,5,6,"Republican",-1,-1,6,5,5,90,"Yes"
"Male","No","Medium City","Other","Christian",6,90,"some","Hillary Clinton",3,9,6,7,8,7,5,5,5,6,10,5,8,7,4,8,6,4,"Democrat",6,7,7,8,0,100,"Yes"
"Female","No","Big City","Asian","Agnostic",1,200,"some","Unsure",5,9,9,5,5,9,5,6,8,8,5,5,5,5,5,7,5,5,"Other",-1,-1,5,10,5,100,"Unsure"
"Female","No","Big City Subrub","Asian","Hindu",7,150,"some","Bernie Sanders",5,1,10,6,6,8,4,9,10,6,4,4,4,4,10,10,10,1,"Democrat",4,4,5,9,15,80,"Yes"
"Female","No","Small Town","Asian","Christian",9,60,"some","Bernie Sanders",5,10,8,9,10,10,7,5,8,8,9,7,6,5,4,8,10,4,"Independent",7,4,4,10,0,100,"Unsure"
"Male","Yes","Big City Subrub","White","Christian",4,130,"closely","John Kacich",8,1,8,4,3,2,7,8,4,7,4,9,5,8,4,10,5,6,"Republican",8,10,5,6,0,80,"Yes"
"Female","No","Big City Subrub","Asian","Atheist",0,10,"Not at all","Unsure",4,10,6,9,8,8,7,6,9,8,9,7,8,8,7,8,5,9,"Democrat",-1,-1,8,10,0,100,"Unsure"
"Female","Yes","Big City Subrub","White","Christian",1,200,"Not at all","Unsure",0,4,6,6,1,8,5,0,3,4,7,2,5,6,4,7,5,3,"Democrat",0,2,0,10,10,80,"Yes"
"Male","No","Big City Subrub","Asian","Christian",0,1000,"some","Donald Trump",4,5,3,4,7,5,7,6,6,4,5,6,2,7,7,8,4,5,"Independent",5,6,5,4,15,10,"Yes"
"Male","No","Big City Subrub","Asian","Atheist",3,20,"some","Donald Trump",0,5,2,5,7,2,7,4,8,7,7,3,3,2,5,5,8,4,"Other",7,-1,6,3,45,100,"No"
"Female","No","Big City Subrub","Asian","Atheist",0,50,"some","Bernie Sanders",2,4,2,8,10,8,2,0,6,1,9,0,10,1,10,5,5,6,"Democrat",10,9,2,7,0,50,"No"
"Male","No","Big City Subrub","White","Agnostic",2,120,"closely","Bernie Sanders",3,5,5,8,6,5,8,3,3,5,10,5,8,3,9,4,6,6,"Democrat",4,8,7,9,0,80,"No"
"Male","Yes","Big City Subrub","White","Christian",1,200,"some","Bernie Sanders",7,7,9,5,10,10,7,6,0,7,2,8,2,2,2,8,2,2,"Republican",5,10,5,9,0,60,"Yes"
"Male","Yes","Big City Subrub","White","Christian",7,364,"closely","Unsure",6,2,4,2,4,2,4,7,2,10,6,4,8,9,5,7,10,3,"Independent",-1,-1,5,10,0,100,"Unsure"
"Male","No","Big City","Asian","Buddhist",4,20,"some","Unsure",5,6,10,4,10,10,4,2,10,10,10,0,9,10,10,10,0,0,"Other",-1,-1,5,8,0,100,"No"
"Female","No","Big City","Asian","Agnostic",5,100,"some","Donald Trump",5,3,8,6,2,10,1,2,8,4,8,2,5,5,10,1,10,1,"Other",-1,-1,2,9,5,100,"Unsure"
"Female","No","Big City","Asian","Atheist",0,400,"Not at all","Unsure",5,5,5,8,8,10,5,6,8,9,7,4,8,8,5,9,3,1,"Other",-1,-1,5,10,5,100,"Unsure"
"Male","No","Big City Subrub","Asian","Other Religion",0,100,"some","Ted Cruz",5,9,4,3,10,5,2,6,7,8,5,4,3,6,7,8,9,10,"Independent",-1,-1,4,9,0,100,"No"
"Male","Yes","Medium City","White","Christian",5,100,"closely","Bernie Sanders",2,9,6,5,5,8,6,3,1,10,10,1,10,1,9,5,3,8,"Democrat",10,10,0,7,10,80,"No"
"Female","No","Big City Subrub","Asian","Agnostic",0,20,"Not at all","Unsure",0,10,10,10,10,10,8,4,4,9,4,7,7,6,6,10,10,10,"Independent",-1,-1,8,10,0,100,"Unsure"
"Male","No","Big City Subrub","White","Christian",2,80,"very closely","Bernie Sanders",3,7,4,7,8,8,3,1,3,9,8,1,1,1,1,3,4,8,"Democrat",10,10,3,8,15,80,"Unsure"
"Female","No","Big City","Asian","Agnostic",3,70,"some","Bernie Sanders",7,8,6,3,6,6,5,3,5,5,8,2,6,7,3,0,3,6,"Other",-1,-1,7,4,5,100,"Unsure"
"Male","Yes","Big City","Asian","Christian",2,200,"closely","John Kacich",2,10,9,4,3,2,2,0,7,7,8,2,8,2,10,10,10,10,"Democrat",-1,-1,0,10,10,90,"No"
"Male","No","Medium City","Asian","Other Religion",0,1000,"Not at all","Hillary Clinton",0,0,0,0,0,0,0,0,0,0,0,0,0,0,0,0,0,0,"Other",-1,-1,0,0,0,0,"Unsure"
"Male","No","Big City","Asian","Other Religion",0,10000,"Not at all","Hillary Clinton",0,0,0,0,0,0,0,0,0,0,0,0,1,0,1,1,1,0,"Republican",0,0,1,5,5,100,"Unsure"
"Male","No","Big City","Asian","Atheist",0,300,"some","Donald Trump",4,10,5,5,5,5,5,5,5,8,8,3,8,8,3,2,8,1,"Independent",-1,-1,5,9,0,100,"Unsure"
"Male","No","Big City Subrub","Asian","Christian",5,100,"some","Unsure",7,8,5,4,4,4,3,2,5,3,6,3,3,3,5,3,1,2,"Republican",2,6,3,4,0,100,"No"
"Female","No","Big City","Asian","Agnostic",0,100,"Not at all","Unsure",5,8,10,3,8,5,1,10,5,10,6,2,5,5,8,10,1,1,"Independent",-1,-1,3,8,0,100,"No"
"Female","No","Small Town","White","Atheist",0,80,"closely","Bernie Sanders",2,9,8,9,9,10,6,0,9,6,10,4,10,3,10,8,8,9,"Democrat",8,10,7,8,10,30,"No"
"Male","No","Medium City","White","Atheist",0,200,"closely","Donald Trump",6,7,8,3,2,6,10,7,0,5,10,5,9,9,0,4,10,8,"Other",10,10,5,7,0,80,"Unsure"
"Male","No","Big City","Asian","Atheist",3,80,"some","Hillary Clinton",5,0,5,5,8,5,0,8,9,9,6,5,5,5,3,8,8,0,"Independent",0,0,10,7,0,100,"Yes"
"Male","No","Big City Subrub","White","Christian",4,75,"closely","Marco Rubio",8,5,10,4,4,1,6,5,3,5,5,2,2,8,0,4,6,0,"Republican",8,10,4,10,15,90,"Yes"
"Female","No","Big City","Asian","Atheist",0,100,"Not at all","Unsure",5,9,9,8,8,9,8,6,9,9,6,5,7,7,7,7,7,8,"Other",-1,-1,9,10,10,100,"Unsure"
"Female","No","Big City","Asian","Buddhist",3,80,"some","Hillary Clinton",5,7,6,6,7,6,5,5,6,6,7,4,6,6,3,4,6,9,"Republican",-1,-1,4,8,0,100,"Unsure"
"Female","No","Big City","Asian","Atheist",0,30,"closely","Unsure",2,10,10,8,10,10,5,3,10,6,6,6,7,7,5,7,4,4,"Democrat",-1,-1,7,10,0,100,"Unsure"
"Female","No","Big City","Asian","Agnostic",0,20,"some","Donald Trump",0,5,6,7,5,4,3,7,7,10,7,9,7,6,7,8,7,3,"Republican",-1,-1,5,5,10,90,"No"
"Male","No","Big City Subrub","Asian","Atheist",0,80,"closely","Unsure",3,7,6,5,9,10,3,6,10,6,8,3,10,10,10,7,2,5,"Independent",10,10,10,7,0,50,"Unsure"
"Male","No","Big City Subrub","Asian","Agnostic",0,200,"some","Bernie Sanders",4,10,4,3,10,4,4,0,10,3,0,0,10,10,10,0,0,0,"Independent",-1,-1,8,5,0,100,"No"
"Male","No","Medium City","Other","Agnostic",0,130,"some","Bernie Sanders",4,6,6,10,10,9,8,0,5,8,10,3,0,0,0,6,5,2,"Democrat",5,5,6,5,10,0,"No"
"Female","No","Big City","Other","Christian",4,200,"some","Bernie Sanders",3,8,7,8,8,8,9,0,2,5,10,0,10,0,6,6,5,8,"Democrat",10,10,4,7,30,0,"Unsure"
"Male","Yes","Big City","Asian","Atheist",4,20000,"some","Bernie Sanders",5,4,7,3,8,8,5,8,7,5,9,5,9,9,9,8,5,9,"Independent",-1,-1,8,10,0,100,"Unsure"
"Female","No","Big City","Asian","Atheist",0,200,"some","Hillary Clinton",4,4,8,8,8,8,6,6,3,8,7,3,7,7,8,9,4,5,"Independent",-1,-1,5,10,0,100,"Unsure"
"Male","No","Big City Subrub","White","Agnostic",2,130,"very closely","Donald Trump",6,3,3,10,0,7,5,0,6,5,10,0,9,9,9,2,0,7,"Republican",10,10,10,6,0,70,"No"
"Female","No","Big City","Other","Christian",3,115,"closely","Bernie Sanders",2,4,8,7,8,10,8,7,10,8,8,2,7,0,6,5,2,6,"Democrat",10,10,7,9,0,10,"Unsure"
"Female","No","Big City Subrub","Asian","Other Religion",0,70,"some","Hillary Clinton",2,10,10,7,10,7,9,3,10,9,6,7,6,4,5,9,8,2,"Independent",-1,-1,10,10,5,10,"No"
"Male","Yes","Big City Subrub","White","Atheist",0,200,"very closely","Bernie Sanders",1,8,4,7,8,5,1,0,7,6,10,0,10,0,10,3,6,4,"Democrat",10,10,8,9,0,100,"Yes"
"Male","No","Big City Subrub","Asian","Christian",2,1000,"closely","Bernie Sanders",5,5,10,7,8,7,6,3,0,8,7,4,8,5,6,8,8,10,"Democrat",10,10,8,10,0,100,"Yes"
"Male","Yes","Big City Subrub","Other","Christian",0,900,"some","Marco Rubio",8,2,4,1,0,1,4,3,0,8,3,1,1,5,3,2,3,4,"Independent",8,5,3,10,0,30,"Unsure"
"Male","No","Medium City","White","Agnostic",1,300,"very closely","Bernie Sanders",4,8,8,7,5,5,3,0,7,0,10,0,0,0,0,0,5,10,"Democrat",8,8,8,10,0,100,"No"
"Male","No","Medium City","Asian","Buddhist",2,200,"some","Bernie Sanders",3,5,9,2,7,5,2,6,7,6,6,6,4,3,2,7,6,2,"Democrat",4,5,7,6,35,100,"Unsure"
"Female","No","Big City","Other","Other Religion",2,50,"some","Bernie Sanders",1,7,2,7,10,10,10,0,7,3,10,0,8,0,9,1,1,5,"Democrat",10,8,6,9,0,100,"Unsure"
"Male","No","Big City Subrub","Other","Atheist",0,75,"very closely","Bernie Sanders",1,6,3,9,9,8,2,0,9,9,8,2,6,2,7,5,4,7,"Democrat",9,10,4,3,0,100,"Yes"
"Male","No","Big City","Asian","Other Religion",1,300,"Not at all","Unsure",5,5,7,8,5,5,2,2,5,8,8,2,5,5,5,2,5,5,"Other",-1,-1,3,7,0,100,"Unsure"
"Female","No","Big City","Asian","Atheist",0,30,"Not at all","Hillary Clinton",3,8,10,6,4,10,2,3,10,9,7,4,8,9,3,10,5,8,"Democrat",-1,-1,6,6,20,100,"Yes"
"Male","No","Small Town","White","Christian",1,80,"closely","Bernie Sanders",3,10,8,9,3,2,2,2,7,7,10,0,10,0,7,5,5,0,"Democrat",10,10,3,8,0,100,"Yes"
"Female","No","Big City","Asian","Atheist",1,900,"some","Bernie Sanders",1,9,9,10,10,10,6,9,10,10,9,7,10,10,10,7,8,10,"Democrat",10,10,7,7,15,0,"Yes"
"Male","Yes","Small Town","White","Christian",8,90,"very closely","Ted Cruz",10,2,10,1,8,2,8,10,0,9,7,6,3,10,0,8,7,3,"Republican",9,10,7,8,0,90,"Yes"
"Male","Yes","Small Town","Asian","Christian",1,100,"some","Donald Trump",9,1,8,9,4,3,2,6,2,6,2,3,3,0,5,4,4,1,"Republican",5,6,3,2,20,40,"No"
"Male","No","Big City","Asian","Atheist",2,300,"some","Unsure",2,10,5,7,10,8,3,2,8,8,3,1,3,6,10,10,1,6,"Other",-1,-1,7,10,0,30,"Unsure"
"Male","No","Big City","Asian","Hindu",5,300,"some","Unsure",4,7,9,7,6,6,4,3,6,5,8,3,5,5,8,9,7,9,"Democrat",-1,-1,6,9,0,100,"Unsure"
"Female","No","Big City Subrub","Asian","Muslim",3,70,"very closely","Bernie Sanders",1,3,5,10,10,10,8,2,10,3,10,0,8,0,8,10,4,6,"Independent",-1,-1,4,6,15,80,"Yes"
"Male","No","Big City","Asian","Other Religion",0,50,"Not at all","Marco Rubio",0,2,4,7,5,4,5,7,5,4,6,7,4,5,3,6,4,4,"Other",-1,-1,2,2,15,40,"No"
"Male","No","Big City","Asian","Christian",3,40,"Not at all","Unsure",5,7,9,5,9,7,6,5,9,7,7,7,6,5,7,9,8,5,"Independent",-1,-1,5,5,0,100,"Unsure"
"Male","No","Small Town","Other","Agnostic",2,60,"very closely","Unsure",0,8,3,9,10,10,2,0,10,7,6,3,10,7,3,2,7,10,"Democrat",0,10,7,10,10,0,"Unsure"
"Female","No","Big City","Asian","Agnostic",0,10000,"Not at all","Unsure",0,10,10,10,10,10,8,0,0,10,0,0,0,0,0,0,0,0,"Republican",-1,-1,10,10,10,100,"Unsure"
"Female","No","Big City","Asian","Atheist",0,100,"some","Hillary Clinton",5,10,10,10,10,10,7,5,10,10,7,4,7,7,2,3,2,7,"Other",-1,-1,5,10,0,100,"Unsure"
"Female","No","Big City","Other","Christian",3,106,"some","Bernie Sanders",3,7,6,7,7,8,10,5,6,8,10,3,7,7,9,6,7,9,"Democrat",10,10,5,6,5,10,"Yes"
"Male","No","Big City","Asian","Agnostic",0,10000,"some","Donald Trump",2,5,6,6,6,8,7,6,0,7,2,5,5,5,5,5,3,6,"Other",-1,-1,10,6,0,100,"Unsure"
"Male","No","Big City Subrub","Asian","Christian",9,100,"some","Unsure",8,4,9,8,9,5,5,4,4,5,5,3,6,6,7,8,7,5,"Republican",3,5,5,7,10,90,"Unsure"
"Male","No","Medium City","White","Agnostic",1,150,"closely","John Kacich",8,6,7,2,0,0,5,2,2,8,6,7,8,10,5,4,5,0,"Republican",-1,10,1,8,10,80,"No"
"Male","No","Big City Subrub","White","Atheist",0,250,"some","Bernie Sanders",0,10,2,10,10,10,10,0,10,3,10,0,10,0,10,2,6,0,"Democrat",7,7,9,7,5,80,"Yes"
"Female","No","Medium City","Asian","Atheist",0,200,"some","Bernie Sanders",1,5,8,3,5,9,1,1,1,5,5,5,5,5,5,5,5,5,"Other",0,0,3,10,0,30,"Yes"
"Female","No","Big City","Asian","Christian",0,100,"some","John Kacich",0,10,1,1,1,4,5,4,5,5,6,7,6,4,5,4,6,5,"Republican",1,4,4,3,25,20,"No"
"Female","Yes","Big City","Other","Agnostic",1,120,"some","Bernie Sanders",4,9,10,9,10,10,10,7,6,10,10,2,7,3,1,7,1,9,"Democrat",9,10,8,10,10,20,"Yes"
"Male","No","Medium City","Asian","Agnostic",0,120,"some","Bernie Sanders",2,7,4,8,7,7,6,2,8,8,9,6,8,6,7,3,8,10,"Independent",6,7,9,6,0,90,"Yes"
"Female","No","Big City","White","Other Religion",5,80,"closely","Bernie Sanders",1,10,10,10,10,10,7,0,8,7,10,0,10,10,10,10,7,10,"Democrat",10,10,5,9,0,40,"Unsure"
"Female","No","Big City Subrub","Asian","Christian",8,200,"some","Bernie Sanders",5,5,8,9,10,10,6,6,7,10,10,5,8,5,7,9,7,8,"Democrat",8,8,2,9,0,40,"Yes"
"Male","No","Small Town","White","Christian",7,150,"closely","Donald Trump",8,7,9,5,5,5,10,6,5,7,8,10,0,10,8,10,9,1,"Republican",5,10,6,7,15,80,"Yes"
"Male","Yes","Medium City","White","Christian",7,1000,"some","Donald Trump",8,4,8,2,1,3,6,7,2,9,1,7,3,8,1,6,4,7,"Republican",8,10,7,9,0,80,"Unsure"
"Female","No","Big City Subrub","White","Christian",3,100,"some","Unsure",6,7,8,3,4,8,5,5,6,6,6,6,8,8,8,6,3,3,"Independent",2,2,5,9,0,100,"Unsure"
"Male","No","Big City","Asian","Atheist",0,500,"some","Hillary Clinton",2,10,10,8,8,8,5,10,10,8,10,5,5,5,5,5,5,5,"Independent",-1,-1,6,9,0,100,"Yes"
"Male","No","Big City Subrub","White","Jewish",5,100,"closely","Ted Cruz",8,2,9,8,6,7,5,7,8,9,8,3,1,10,5,8,8,6,"Republican",0,5,2,2,10,100,"Yes"
"Female","No","Medium City","Asian","Buddhist",3,10000,"Not at all","Marco Rubio",3,1,5,6,1,8,7,6,9,10,5,2,5,6,4,6,9,10,"Other",3,5,3,4,30,60,"Unsure"
