"Gender","Height","Weight","Shoe_size","Shoe_number","Year","Pets","Siblings","Speed","Cash","Sleep","Age_mother","Age_father","Random","Soulmate","Charity" 
"female",67,155,8.5,20,"Sophomore",0,2,88,10,7,44,48,7,"few",50
"female",63,125,8,23,"Sophomore",1,3,80,0,10,45,54,7,"one",50
"female",68,127,9,50,"Freshman",1,3,85,60,7.5,41,49,8,"few",50
"male",69,173,10,6,"Freshman",1,2,97,63,7,55,58,6,"few",20
"female",68,157,8,20,"Freshman",2,2,90,19,7,47,48,2,"one",80
"female",66,142,8,9,"Sophomore",3,2,90,63,5.5,44,44,9,"few",100
"female",67,120,8,20,"Sophomore",2,2,90,0,8.5,54,57,5,"millions",50
"male",68,160,9,8,"Senior",2,1,112,40,7.5,53,52,9,"thousands",100
"female",64,115,7,7,"Junior",7,1,90,15,8,48,53,3,"few",50
"female",66,135,8.5,20,"Sophomore",1,2,90,5,8,49,54,4,"dozens",95
"female",63,100,5,12,"Freshman",2,1,80,10,7,47,50,3,"one",75
"male",66,105,8,6,"Freshman",4,1,75,12,6,61,63,7,"dozens",100
"male",72,165,10.5,13,"Junior",0,1,110,1,7,49,53,3,"few",50
"male",64,221,9,4,"Junior",0,6,120,101,8,38,44,8,"dozens",20
"male",72,165,10,8,"Sophomore",0,2,100,35,9,52,56,5,"one",100
"female",62,145,8,5,"Sophomore",7,3,75,62,7,53,60,6,"few",50
"female",67,140,8.5,20,"Sophomore",2,2,90,20,7,47,47,7,"few",80
"male",69,180,10.5,7,"Sophomore",2,1,90,5,8,48,49,9,"one",0
"female",68,142,7.5,14,"Sophomore",1,1,100,110,7.5,49,53,5,"few",30
"female",62,122,8,5,"Freshman",0,1,85,1,4.5,51,53,7,"hundreds",75
"male",70,160,9.5,10,"Junior",1,1,111,32,7,51,51,3,"millions",25
"female",69,135,9,22,"Sophomore",3,1,94,10,5,52,56,4,"few",90
"female",67,129,7.5,6,"Freshman",0,1,40,150,6.5,47,49,3,"none",50
"female",66,186,11,18,"Sophomore",0,1,63,0,6,41,45,5,"few",45
"female",60,120,6.5,20,"Junior",4,3,95,20,7,53,51,4,"few",75
"male",67,140,8.5,2,"Junior",6,1,85,25,8,52,52,6,"few",80
"female",62,135,8,25,"Sophomore",2,3,80,0,8,53,53,4,"one",100
"male",70,175,11,17,"Freshman",0,2,30,0,5,47,52,7,"millions",60
"female",70,156,9,15,"Sophomore",10,1,80,5,6.5,57,55,6,"few",60
"male",69,155,9.5,7,"Senior",2,2,95,33,6.5,54,65,7,"dozens",50
"female",64,115,6.5,20,"Freshman",1,1,50,0,6,52,52,2,"few",30
"female",63,125,8,30,"Sophomore",1,3,70,1,7,51,52,2,"few",80
"male",73,173,13,77,"Sophomore",17,2,112,200,7,38,50,3,"hundreds",50
"female",69,140,9,25,"Junior",1,2,90,22,8,53,53,2,"few",70
"male",72,175,11,13,"Junior",3,2,110,1,7,49,53,9,"one",50
"female",66,115,8,15,"Freshman",2,2,95,80,8,51,54,9,"few",70
"male",77,280,13,2,"Junior",2,1,112,17,7,51,50,8,"few",90
"female",66,130,7,16,"Sophomore",8,2,120,20,7,50,52,8,"few",50
"female",63,128,8.5,9,"Freshman",0,2,80,85,7,54,54,3,"one",99
"female",66,142,10,18,"Freshman",0,1,83,26,7.5,55,54,5,"one",100
"male",69,203,10,5,"Sophomore",8,3,149,34,6.5,47,45,7,"few",50
"female",70,140,9,17,"Sophomore",3,1,95,35,8,50,50,7,"few",70
"female",65,147,8,20,"Freshman",8,3,80,45,7.5,50,49,8,"one",50
"female",67,135,8,15,"Sophomore",2,4,100,100,8.5,42,43,6,"few",10
"female",65,135,8,39,"Sophomore",1,0,80,62,6.5,53,54,8,"few",60
"male",69,175,10,6,"Sophomore",0,3,105,20,8,51,51,10,"thousands",20
"female",62,115,7.5,15,"Freshman",0,0,20,1,8,42,43,7,"few",40
"female",66,130,11,35,"Junior",4,1,70,75,8,56,57,4,"millions",99
"male",67,155,10.5,5,"Senior",4,2,115,200,8,55,65,8,"dozens",97
"male",68,148,10.5,10,"Freshman",7,4,122,52,7.5,50,50,10,"few",100
"female",65,130,7,27,"Senior",2,2,130,22,6.5,50,52,6,"few",70
"female",63,135,8.5,15,"Sophomore",2,3,80,200,8.5,39,45,3,"one",50
"female",61,110,8,10,"Sophomore",3,1,90,10,6.5,49,50,8,"few",100
"male",73,150,9.5,12,"Junior",1,0,110,0,7.5,47,50,7,"few",90
"female",60,120,6,28,"Freshman",0,2,70,10,7,46,46,6,"few",20
"male",72,208,12.5,3,"Sophomore",1,2,100,41,7.5,53,53,5,"few",50
"male",70,160,12,3,"Sophomore",2,4,95,5,6,55,55,3,"few",100
"female",64,138,9.5,8,"Senior",5,4,115,6,5.5,54,56,1,"few",30
"male",70,165,10,8,"Freshman",3,2,125,0,4,55,50,7,"few",20
"female",64,230,10,46,"Freshman",0,3,30,81,9,51,41,7,"dozens",5
"female",64,109,7.5,19,"Sophomore",1,7,110,4,7.5,38,38,6,"one",50
"female",63,110,7,20,"Freshman",1,2,65,6,7,54,54,8,"few",50
"female",69,135,9,12,"Sophomore",3,2,95,25,7,51,53,7,"few",75
"female",67,160,10,11,"Freshman",6,0,85,65,7,51,56,7,"few",50
"male",71,176,13,10,"Sophomore",1,1,85,23,7,44,45,9,"thousands",50
"female",64,127,8,12,"Sophomore",4,5,85,1,7.5,44,46,6,"few",75
"female",62,132,7.5,7,"Sophomore",0,4,34,5,7,46,46,7,"few",30
"male",68,154,9,7,"Sophomore",1,1,100,16,7,46,45,7,"few",75
"female",66,115,9,12,"Freshman",1,1,101,80,5,49,51,8,"few",50
"female",69,165,8.5,16,"Sophomore",10,2,105,65,9.5,50,47,3,"few",100
"female",64,110,8.5,15,"Sophomore",7,1,85,20,7.5,45,50,2,"one",50
"female",64,132,8,20,"Freshman",0,2,85,20,8,56,60,9,"few",80
"female",67,185,10,30,"Sophomore",0,4,120,5,7,48,65,6,"one",50
"male",68,155,10,5,"Freshman",2,1,90,20,7.5,56,62,5,"one",100
"female",62,136,6,15,"Freshman",1,1,60,60,4.5,50,63,5,"one",75
"female",62,140,7.5,22,"Sophomore",11,4,100,5,6,51,52,4,"few",80
"female",68,126,8.5,12,"Freshman",4,2,85,35,7,49,48,7,"one",85
"female",65,123,8.5,7,"Sophomore",1,3,80,80,7,45,52,4,"dozens",99
"male",68,131,10,9,"Freshman",2,2,92,27,7,60,59,7,"dozens",100
"female",63,114,8.5,7,"Freshman",0,1,65,42,7,53,53,2,"few",30
"female",63,204,8,10,"Sophomore",0,1,50,17,6,56,54,3,"one",50
"female",60,115,6,25,"Freshman",2,1,95,14,8,52,62,8,"few",25
"female",64,135,6.5,65,"Sophomore",4,2,86,0,9,41,42,8,"one",5
"female",68,150,9,40,"Sophomore",0,3,90,130,7,49,60,5,"few",80
"female",65,122,6.5,7,"Junior",1,1,95,3,6,53,61,2,"one",45
"female",65,160,10,21,"Sophomore",5,1,90,80,9,47,50,2,"few",50
"male",74,180,10.5,10,"Junior",2,0,120,110,6,45,45,4,"few",20
"female",66,130,7,15,"Freshman",1,0,43,13,7,46,47,7,"few",40
"female",62,92,6,10,"Freshman",9,2,85,43,7.5,48,52,9,"one",100
"female",67,125,9,20,"Freshman",0,1,85,40,7,47,50,10,"one",80
"female",68,130,7.5,15,"Sophomore",4,1,98,17,6,51,52,10,"few",75
"female",63,145,6,12,"Sophomore",0,1,100,3,8.5,55,55,8,"dozens",50
"male",67,166,11,3,"Freshman",0,3,70,0,6,47,46,2,"few",15
"female",67,160,8,15,"Sophomore",0,1,95,18,6,50,58,9,"few",100
"female",66,156,8.5,20,"Freshman",0,3,100,26,8,40,40,5,"few",100
"female",61,200,8.5,5,"Sophomore",1,0,85,12,8,51,49,3,"few",90
"female",65,125,7.5,30,"Sophomore",5,2,90,40,6,51,51,2,"millions",50
"female",64,120,6.5,20,"Freshman",1,2,85,20,8,51,52,9,"hundreds",40
"male",70,126,10.5,5,"Freshman",0,1,80,13,7,53,57,3,"thousands",40
"male",72,152,11,4,"Freshman",0,1,90,40,8.5,45,46,7,"dozens",80
"female",66,117,8.5,10,"Sophomore",0,1,95,50,6.5,44,48,2,"one",100
"female",63,105,6,15,"Sophomore",1,1,65,22,6.5,54,53,4,"few",100
"female",63,108,7.5,20,"Freshman",2,1,65,13,7,48,61,4,"one",80
"female",70,150,9.5,40,"Freshman",2,2,85,20,7,50,51,7,"few",90
"female",63,105,6.5,20,"Freshman",3,1,75,22,8,48,51,8,"dozens",33
"female",68,205,10,25,"Sophomore",0,2,95,60,7,47,47,10,"one",80
"female",62,160,7.5,10,"Freshman",0,2,75,50,7.5,43,54,3,"one",90
"male",69,133,9.5,12,"Freshman",5,1,95,20,7.5,53,55,9,"hundreds",66
"male",77,194,12,1,"Sophomore",3,1,21,0,4,50,53,7,"few",2
"female",65,120,6,16,"Sophomore",3,1,110,300,7,49,53,4,"few",33
"female",65,120,7.5,20,"Sophomore",8,3,120,10,7,42,45,4,"one",75
"female",68,134,8.5,10,"Sophomore",3,0,100,140,7,44,43,7,"few",90
"female",63,121,7.5,20,"Sophomore",0,2,45,200,6.5,50,47,7,"few",98
"male",67,135,8.5,1,"Junior",2,1,115,30,7.5,50,50,3,"hundreds",100
"female",62,120,8,20,"Sophomore",4,2,30,1,7,58,50,9,"one",90
"female",67,150,6,20,"Senior",0,1,90,10,8,58,59,2,"few",30
"female",64,135,8.5,10,"Junior",4,1,60,65,8,41,42,6,"one",90
"female",67,135,11,20,"Sophomore",4,3,80,0,6,51,53,6,"few",40
"male",73,170,13,4,"Sophomore",5,3,70,7,8,48,51,4,"thousands",100
"female",63,107,8,25,"Sophomore",10,2,110,0,7,50,49,7,"one",100
"female",59,129,6.5,20,"Freshman",3,2,65,7,6,44,43,3,"one",70
"female",67,150,9,34,"Sophomore",3,2,150,100,6,49,49,2,"few",5
"female",67,164,11,5,"Freshman",4,1,90,0,8.5,45,48,6,"few",70
"female",63,138,8,18,"Senior",4,4,80,0,7,44,48,7,"one",95
"male",70,180,13,8,"Sophomore",0,4,102,68,6,52,54,7,"few",50
"male",70,202,10.5,9,"Freshman",1,3,90,20,8,47,51,2,"one",80
"male",73,146,13,2,"Sophomore",4,2,90,43,8,52,58,4,"dozens",90
"female",67,180,10,12,"Sophomore",8,2,160,15,7,52,50,7,"one",80
"female",66,150,8,18,"Sophomore",3,2,95,20,6,49,51,7,"few",30
"female",65,129,7,11,"Sophomore",0,2,85,65,7,54,57,10,"few",50
"male",69,175,10.5,8,"Sophomore",0,1,83,0,5,52,58,7,"one",50
"male",69,150,10.5,5,"Freshman",3,3,85,130,7,48,51,4,"dozens",50
"female",61,109,7.5,10,"Sophomore",4,1,85,50,7.5,47,45,10,"one",20
"female",61,115,6.5,20,"Senior",0,1,95,35,7,52,50,7,"dozens",100
"male",70,155,11,6,"Sophomore",0,2,90,60,8.5,51,53,9,"few",10
"female",63,128,8,20,"Freshman",1,1,83,30,7.5,53,58,5,"hundreds",70
"female",66,116,8.5,9,"Freshman",2,2,75,35,8.5,51,57,5,"few",50
"female",67,115,8,9,"Sophomore",0,1,90,0,7,35,35,4,"few",20
"male",74,218,12,5,"Sophomore",2,3,70,0,6,41,53,7,"few",85
"female",62,125,7,50,"Senior",3,3,90,25,7.5,56,55,4,"few",50
"female",63,135,9.5,10,"Freshman",0,2,45,10,7,56,58,9,"few",40
"female",67,120,9.5,8,"Freshman",2,2,65,60,7,55,64,4,"few",50
"male",66,138,9.5,4,"Sophomore",9,1,110,61,6.5,52,57,1,"few",0
"male",68,300,13,7,"Freshman",0,0,52,87,7,44,45,7,"few",80
"female",68,152,9.5,19,"Junior",30,2,115,8,6,45,47,10,"dozens",90
"female",63,130,8,18,"Sophomore",0,3,80,15,5,48,48,8,"one",70
"female",68,129,9,10,"Sophomore",0,2,30,45,6,48,48,10,"few",65
"female",60,160,6.5,9,"Senior",1,2,110,60,7.5,51,51,3,"one",95
"female",65,127,8,25,"Freshman",4,1,85,1,7,51,55,7,"few",25
"male",76,167,12,10,"Junior",6,2,102,2,5,51,53,4,"few",100
"female",65,135,8,16,"Freshman",2,0,93,71,8,48,54,2,"dozens",95
"female",67,133,7.5,8,"Freshman",1,0,100,40,6,46,49,7,"few",5
"female",69,249,10,29,"Junior",1,2,100,103,7,45,41,7,"few",25
"female",65,125,8,15,"Sophomore",6,1,96,0,8,47,49,3,"one",10
"male",70,165,10.5,6,"Sophomore",4,2,110,60,6.5,51,53,7,"thousands",70
"male",68,165,10,6,"Senior",4,1,90,40,5.5,56,56,8,"thousands",30
"male",72,168,13,8,"Sophomore",1,1,105,0,6,51,54,7,"hundreds",50
"male",76,160,12,2,"Senior",1,1,105,5,5.5,42,44,2,"thousands",25
"male",67,173,10.5,2,"Sophomore",5,5,105,700,8,49,42,4,"hundreds",75
"female",65,105,7,30,"Sophomore",2,3,78,54,7.5,53,65,5,"one",100
"female",62,110,6,15,"Freshman",5,1,117,88,7.5,48,54,7,"few",50
"female",63,179,8,7,"Senior",1,1,100,50,7.5,42,57,4,"dozens",13
"female",70,140,10,15,"Sophomore",2,1,90,200,5.5,45,45,1,"few",25
"female",63,130,7.5,27,"Freshman",0,2,95,60,9,61,60,6,"few",100
"male",69,130,11,13,"Sophomore",30,1,91,0,8,45,48,7,"one",50
"female",67,130,8.5,50,"Freshman",0,3,90,3,6,52,54,1,"one",90
"female",66,140,8.5,16,"Sophomore",3,2,92,20,8,59,60,3,"few",50
"female",66,120,9,24,"Freshman",5,2,75,10,6.5,49,49,8,"dozens",40
"female",66,163,10.5,20,"Freshman",12,3,90,10,7.5,45,47,4,"one",75
"female",60,142,6.5,95,"Freshman",5,3,50,0,7,50,59,9,"one",95
"female",62,125,7,54,"Senior",2,2,100,20,7.5,55,60,2,"few",5
"female",66,160,9,24,"Sophomore",6,0,114,0,4,50,50,7,"dozens",100
"female",66,150,8.5,24,"Sophomore",0,3,104,64,7,56,57,4,"one",100
"female",66,150,8.5,15,"Sophomore",2,1,80,75,8,48,49,3,"dozens",0
"male",70,157,11.5,6,"Sophomore",2,3,95,15,7.5,52,52,5,"one",50
"male",61,200,12,5,"Freshman",4,3,96,79,7.5,49,49,8,"dozens",90
"female",66,118,6.5,13,"Sophomore",2,3,90,11,7,47,51,9,"few",20
"male",69,145,9.5,5,"Sophomore",1,1,98,24,6.5,46,46,5,"one",50
"female",66,135,9,30,"Sophomore",3,2,90,10,8,55,55,7,"one",30
"female",63,144,10,10,"Freshman",1,2,85,40,6,55,56,9,"one",50
"female",63,155,8,20,"Sophomore",0,2,95,0,8,44,51,7,"few",25
"male",71,140,12,5,"Junior",7,2,140,0,8.5,43,46,1,"one",100
"female",65,121,10,50,"Freshman",30,1,95,11,8.5,42,50,7,"one",50
"female",62,124,7.5,40,"Sophomore",2,0,100,22,5,39,42,3,"few",50
"female",71,170,10,30,"Freshman",6,1,90,2,9,51,58,4,"one",20
"female",61,138,8,4,"Sophomore",7,5,50,120,7,39,41,8,"dozens",100
"male",75,245,13,10,"Sophomore",9,0,127,7,8.5,52,54,7,"millions",43
"male",67,149,8.5,4,"Freshman",0,1,80,5,7,49,51,7,"few",100
"female",62,138,7,15,"Sophomore",4,3,100,6,9,42,54,6,"dozens",60
"female",62,134,8,12,"Sophomore",4,3,90,150,6,37,36,7,"few",75
"male",69,140,10.5,4,"Freshman",0,1,100,20,8,40,46,1,"millions",0
"female",64,140,8.5,40,"Sophomore",1,1,75,60,8,54,55,4,"few",30
"male",72,172,10,7,"Sophomore",5,0,90,0,6,45,53,8,"few",0
"female",65,155,9,30,"Junior",30,3,88,1,7.5,45,45,4,"few",75
"male",70,190,10.5,2,"Freshman",0,1,120,100,6.5,50,54,3,"few",99
"female",67,138,9.5,33,"Freshman",10,1,88,110,7,51,50,4,"one",100
"female",64,125,7,30,"Sophomore",2,2,110,50,8,54,59,2,"few",50
"female",65,135,8,14,"Freshman",10,1,65,400,6,50,49,2,"dozens",75
"female",66,140,8.5,20,"Senior",0,2,83,50,6,61,65,3,"few",100
"male",73,200,12.5,5,"Senior",5,2,120,57,6,50,54,1,"none",0
"male",74,185,10.5,10,"Junior",4,1,120,12,6,59,62,7,"one",75
"female",67,135,9,40,"Junior",3,3,110,0,7.5,48,52,10,"dozens",70
"female",63,155,8,15,"Sophomore",3,1,95,0,7,50,52,2,"dozens",4
"female",66,155,6.5,9,"Senior",11,2,93,20,6,53,54,6,"few",100
"female",73,190,12,10,"Freshman",0,1,110,100,7,54,54,8,"few",15
"male",71,168,9.5,10,"Sophomore",1,1,75,5,9,46,50,1,"one",60
"female",65,140,8,10,"Junior",0,1,89,0,6.5,61,38,5,"few",5
"male",70,165,11.5,10,"Junior",6,1,105,12,8,64,65,1,"thousands",75
"female",64,140,8.5,15,"Freshman",3,2,80,5,6.5,48,47,5,"one",75
"female",65,98,6,16,"Freshman",0,1,85,37,7.5,44,50,6,"one",90
"male",68,152,10.5,4,"Freshman",0,1,80,400,7,52,52,8,"one",30
"female",65,160,8,18,"Sophomore",2,3,80,45,8,55,57,9,"few",90
"male",70,150,7.5,15,"Sophomore",0,1,100,1000,8,50,53,4,"millions",5
"female",68,131,9,15,"Sophomore",3,1,120,44,5.5,52,55,7,"dozens",100
"female",68,135,11,14,"Freshman",0,2,80,5,7.5,48,58,6,"few",100
"male",69,104,10,2,"Junior",0,1,50,8,6,55,53,4,"none",100
"female",61,98,5,18,"Sophomore",2,1,110,0,9,42,41,6,"few",100
"male",69,144,8,6,"Sophomore",0,1,80,100,6,54,58,9,"few",50
"male",68,160,8.5,10,"Sophomore",0,0,90,20,8,60,35,3,"one",95
"male",70,175,10.5,15,"Sophomore",10,2,125,2,5.5,45,45,8,"dozens",50
"male",72,140,10,4,"Senior",0,2,91,40,7,52,56,4,"one",100
"female",64,122,8,5,"Sophomore",4,1,85,3,8,53,52,7,"few",50
"male",67,182,10.5,22,"Sophomore",1,2,20,48,5.5,50,47,2,"few",100
"male",68,155,11,5,"Freshman",3,4,100,5,8,46,51,7,"few",50
"male",72,175,10.5,10,"Senior",1,3,90,110,7.5,60,59,8,"thousands",100
"female",68,190,10,25,"Junior",3,2,70,20,8.5,43,51,8,"few",50
"female",64,135,7,12,"Freshman",2,1,88,50,6,49,50,6,"one",90
"male",74,160,11,10,"Freshman",0,2,78,10,9,49,51,3,"few",60
"male",73,147,11,5,"Sophomore",10,3,103,200,8,45,47,9,"hundreds",75
"female",63,120,7,17,"Sophomore",3,1,75,200,7,52,52,2,"one",50
"female",63,120,6.5,5,"Freshman",0,1,85,25,6,43,50,2,"few",80
"female",66,130,8,17,"Sophomore",0,1,95,80,6.5,46,63,7,"few",80
"female",64,145,8,30,"Sophomore",2,1,85,10,7,43,45,7,"few",85
"female",66,150,8.5,12,"Freshman",0,2,85,10,6,47,46,9,"hundreds",100
"male",65,135,9,2,"Freshman",0,1,80,40,7.5,54,53,7,"few",50
"male",69,200,9.5,2,"Freshman",0,3,70,40,7.5,55,56,7,"one",75
"female",61,161,8.5,60,"Sophomore",0,2,100,20,6.5,51,52,7,"one",100
"female",64,129,7.5,18,"Sophomore",2,1,90,35,8,49,56,5,"hundreds",100
"male",69,124,9,6,"Junior",0,2,115,7,8.5,50,54,5,"few",2
"female",64,212,11,40,"Sophomore",2,1,90,10,6,40,44,8,"one",50
"female",66,135,8,25,"Sophomore",1,2,100,40,7,46,50,5,"few",50
"male",65,110,8.5,10,"Sophomore",0,1,85,35,6.5,45,46,7,"few",50
"female",63,110,7,45,"Freshman",1,0,100,101,8,46,48,9,"few",55
"female",69,220,10,20,"Freshman",2,1,80,35,6,49,46,4,"one",25
"male",70,160,11,12,"Freshman",4,2,85,40,8,52,56,4,"few",80
"female",62,110,5.5,6,"Freshman",3,1,80,200,6.5,51,51,9,"dozens",66
"male",70,195,10,4,"Senior",5,2,100,70,7.5,49,49,3,"few",80
"female",64,115,7.5,11,"Sophomore",5,1,120,6,6.5,50,52,3,"few",70
"female",66,133,8,12,"Senior",3,2,90,8,8,51,55,4,"dozens",50
"female",66,133,8,15,"Freshman",2,1,80,100,7,49,54,3,"few",85
"male",69,155,10,15,"Sophomore",0,2,114,200,7,50,52,4,"millions",85
"male",65,135,9.5,2,"Freshman",0,0,100,70,7.5,50,56,2,"none",0
"female",64,125,7,10,"Freshman",0,1,25,120,8,43,51,8,"few",50
"female",69,153,9,34,"Junior",4,1,101,7,6.5,48,48,8,"hundreds",98
"male",63,140,8.5,5,"Freshman",18,5,113,68,7.5,49,51,1,"few",25
"female",69,135,7,8,"Sophomore",1,4,95,0,8,43,41,7,"few",10
"male",71,140,11.5,7,"Freshman",6,2,104,22,7,52,51,3,"dozens",90
"male",55,149,7,15,"Junior",2,2,85,0,7.5,47,50,5,"one",100
"female",62,125,6.5,6,"Sophomore",1,1,100,15,4.5,43,45,5,"few",20
"male",70,150,10.5,4,"Freshman",0,1,130,15,7.5,52,53,5,"dozens",80
"female",64,181,8.5,21,"Junior",9,4,70,0,8,47,48,7,"one",85
"male",70,185,9.5,5,"Sophomore",8,2,90,30,6,42,51,1,"few",90
"female",67,118,8.5,15,"Freshman",5,2,85,5,7,48,48,3,"one",85
"female",64,150,9,24,"Freshman",1,2,90,20,8.5,47,50,7,"one",40
"female",68,171,10,25,"Sophomore",1,1,80,13,6.5,48,50,5,"one",0
"female",60,132,6.5,8,"Sophomore",12,3,101,3,6.5,49,46,4,"hundreds",100
"male",71,180,10.5,5,"Junior",0,2,100,39,6.5,53,57,5,"one",91
"male",74,213,11.5,4,"Sophomore",3,2,120,0,7,53,57,8,"thousands",5
"female",64,140,7,30,"Sophomore",3,3,85,10,5,50,49,7,"one",90
"female",63,160,7.5,7,"Freshman",0,1,80,100,6,53,53,6,"few",20
"male",70,137,10,5,"Junior",0,1,85,48,6.5,43,43,3,"dozens",30
"female",62,118,7.5,15,"Freshman",2,1,90,25,7,51,52,3,"few",25
"male",66,130,9,1,"Sophomore",5,1,85,5,6,50,55,3,"millions",5
"female",66,145,8,15,"Freshman",0,2,100,0,8,52,55,8,"dozens",85
"male",69,150,9,10,"Junior",3,0,120,65,7,53,56,2,"one",100
"male",74,175,12.5,6,"Freshman",0,1,110,86,5.5,52,58,4,"one",82
"female",59,107,4.5,21,"Freshman",1,1,50,21,6,49,55,7,"one",50
"female",64,135,9,13,"Sophomore",8,3,90,31,6,51,48,6,"few",100
"male",68,125,8.5,5,"Freshman",0,2,100,1,4,47,45,8,"one",25
"female",68,127,9,25,"Freshman",4,2,97,70,7.5,46,47,9,"few",50
"female",65,110,7.5,30,"Sophomore",3,4,90,100,6,55,54,6,"few",50
"male",74,200,12,4,"Junior",0,2,115,300,6,51,51,3,"few",70
"female",67,150,9,13,"Sophomore",4,1,90,13,7,47,48,7,"few",90
"male",65,170,9,3,"Junior",4,2,125,105,5.5,52,55,4,"one",35
"male",71,190,11.5,3,"Freshman",0,1,80,15,6.5,43,47,9,"thousands",50
"female",68,127,7.5,17,"Sophomore",4,4,91,60,8.5,49,49,4,"few",75
"female",64,120,9,17,"Senior",1,3,85,12,8.5,46,54,4,"dozens",15
"female",66,138,7,14,"Sophomore",5,1,87,16,7.5,51,53,2,"thousands",100
"female",62,160,8.5,22,"Sophomore",1,1,60,0,7,48,56,8,"few",50
"female",59,106,5,12,"Freshman",0,1,55,150,6.5,56,58,2,"few",70
"male",71,150,11,7,"Sophomore",6,2,85,45,7.5,54,54,8,"millions",100
"female",64,115,8,15,"Junior",10,1,80,0,7,40,46,4,"few",5
"female",66,130,10,40,"Freshman",10,1,95,45,7,42,44,6,"few",90
"female",67,135,8.5,20,"Freshman",1,1,95,46,8,46,49,7,"dozens",80
"female",64,115,7.5,35,"Junior",1,2,110,0,6.5,53,54,4,"few",50
"male",70,152,10,8,"Sophomore",1,1,121,20,7,52,53,4,"few",60
"male",68,155,9,18,"Sophomore",1,1,135,103,6,47,48,4,"few",0
"female",58,170,7.5,10,"Junior",0,3,50,20,6.5,45,45,5,"one",0
"male",71,160,10.5,6,"Freshman",1,2,90,15,7,47,50,6,"dozens",100
"female",67,135,9,30,"Junior",1,1,100,15,7,44,49,4,"few",25
"male",68,148,9.5,10,"Freshman",1,1,115,110,7,45,45,6,"hundreds",2
"male",74,170,10,3,"Sophomore",3,1,80,30,8.5,52,55,1,"one",0
"female",65,150,10,20,"Senior",20,3,100,0,6,43,47,7,"few",75
"male",72,172,11,8,"Sophomore",3,3,105,120,6.5,53,55,5,"few",25
"male",75,190,12,5,"Sophomore",2,2,125,35,7,48,51,5,"one",75
"female",66,140,7.5,20,"Sophomore",1,3,110,26,8.5,60,60,10,"one",75
"male",68,107,9,3,"Freshman",0,2,88,50,8,52,55,5,"one",95
"female",61,130,7,5,"Sophomore",0,2,60,40,6,46,48,8,"thousands",50
"male",69,130,9.5,7,"Freshman",2,1,120,30,6,45,45,7,"one",50
"female",68,164,9,11,"Freshman",2,3,85,4,6.5,54,55,7,"hundreds",50
"male",68,178,9,3,"Freshman",0,2,111,18,7.5,53,53,4,"few",100
"male",73,198,12,5,"Sophomore",3,1,110,100,10,55,50,10,"millions",50
"male",71,195,15,3,"Sophomore",0,1,65,300,7,51,45,9,"one",5
"male",73,176,12,8,"Freshman",0,5,102,3,6,51,52,9,"one",65
"female",66,125,8,15,"Sophomore",3,1,80,15,8.5,54,54,8,"few",70
"male",70,180,12,4,"Freshman",2,2,100,0,7,55,64,7,"thousands",90
"female",66,130,9.5,20,"Sophomore",5,2,86,26,7.5,51,51,5,"one",99
"female",66,140,9,30,"Freshman",2,0,100,6,7,50,49,2,"thousands",5
"female",68,120,9,36,"Sophomore",0,3,85,200,7,53,59,8,"few",25
"female",62,125,8,23,"Freshman",0,2,90,400,6.5,53,53,9,"one",82
"male",71,170,10.5,5,"Sophomore",15,5,85,0,7,42,43,7,"hundreds",80
"female",64,110,6,7,"Freshman",0,0,85,20,7,43,48,7,"few",75
"female",72,200,11,12,"Junior",6,4,95,1,6,54,52,9,"one",50
"female",72,229,11,15,"Sophomore",2,1,75,0,6.5,43,39,5,"few",100
"male",70,160,10,7,"Senior",0,1,90,61,7.5,45,54,8,"few",50
"female",63,105,7,15,"Freshman",0,1,70,25,6,43,48,3,"one",80
"female",60,112,5,22,"Freshman",1,1,110,60,8,47,49,2,"few",80
"female",71,170,9.5,15,"Sophomore",3,4,95,0,7.5,51,54,10,"few",60
"female",68,125,8.5,40,"Freshman",3,3,85,20,7.5,48,50,3,"one",75
"female",67,210,9,15,"Junior",1,3,90,10,6,41,42,7,"millions",25
"female",65,177,10,11,"Junior",0,3,92,87,8,64,59,5,"few",60
"male",73,160,10.5,25,"Sophomore",3,2,125,20,8,45,46,9,"few",20
"male",75,170,12,6,"Sophomore",0,0,85,20,6,47,47,3,"one",0
"female",68,120,8.5,14,"Sophomore",1,0,65,0,7,59,52,4,"one",80
"female",71,120,6,15,"Sophomore",0,1,65,600,6.5,44,51,7,"one",50
"male",68,160,10,5,"Junior",2,2,90,60,6,56,57,4,"thousands",70
"male",75,210,11.5,8,"Senior",8,4,110,13,5.5,54,65,4,"few",100
"female",61,136,7,76,"Junior",4,2,110,40,7,57,56,4,"few",25
"female",69,170,8.5,13,"Sophomore",0,1,90,40,7,50,48,3,"few",85
"male",68,126,8.5,3,"Freshman",0,0,70,6,7,44,49,3,"dozens",100
"female",65,120,8.5,12,"Freshman",0,2,85,52,6.5,53,52,6,"few",50
"male",71,195,10.5,4,"Sophomore",0,0,120,7,5.5,46,48,5,"few",20
"female",68,155,8,15,"Sophomore",3,1,85,22,8,49,52,4,"dozens",70
"male",72,190,11.5,5,"Junior",3,1,140,52,6.5,45,50,2,"one",100
"female",69,138,10.5,18,"Freshman",3,2,86,40,8,47,50,2,"dozens",20
"female",69,145,9,15,"Sophomore",10,7,90,300,6,42,43,5,"few",25
"female",69,150,9,20,"Sophomore",0,1,90,0,7,51,58,10,"few",100
"female",61,120,7,12,"Freshman",3,4,95,100,7.5,48,48,6,"one",100
"female",66,150,8,25,"Sophomore",8,3,90,65,7,57,60,8,"few",50
"male",69,157,10.5,6,"Freshman",0,5,107,74,6,42,50,1,"one",67
"female",69,139,8.5,20,"Freshman",1,2,105,150,7,59,62,9,"few",85
"female",63,132,7.5,12,"Junior",0,1,80,64,7,52,55,1,"few",10
"female",67,120,8,8,"Freshman",1,4,40,5,7.5,50,50,6,"dozens",100
"male",70,150,9,14,"Senior",3,1,95,3,7,52,60,8,"thousands",50
"male",72,167,9.5,3,"Sophomore",0,1,80,7,6,49,60,7,"few",70
"female",67,120,7.5,30,"Sophomore",2,1,83,105,6,54,59,7,"few",100
"female",71,168,10.5,10,"Sophomore",0,1,90,3,4,58,58,3,"hundreds",99
"female",63,145,8,75,"Sophomore",3,0,135,95,6,42,44,2,"few",20
"male",73,155,10.5,5,"Sophomore",1,1,70,0,6.5,46,51,7,"one",30
"female",66,135,7.5,36,"Sophomore",1,9,55,25,6,42,47,4,"dozens",100
"female",61,100,5.5,15,"Freshman",0,1,91,33,6,54,55,7,"hundreds",30
"female",62,155,6.5,3,"Senior",3,2,21,73,5,55,62,9,"hundreds",99
"female",62,110,7,5,"Sophomore",1,2,50,100,9,49,54,4,"few",50
"female",63,127,7.5,16,"Freshman",5,2,90,55,8,53,51,6,"few",57
"female",67,146,8.5,20,"Freshman",5,2,110,12,8,47,47,9,"one",90
"female",65,125,8,15,"Junior",1,0,93,40,6,55,62,6,"thousands",35
"male",68,180,11,6,"Freshman",5,3,90,400,6.5,47,47,7,"few",90
"female",64,150,7.5,14,"Junior",3,2,88,81,7.5,48,49,5,"hundreds",90
"female",61,130,6.5,15,"Senior",0,2,108,0,5.5,50,58,3,"one",30
"female",67,109,6.5,11,"Junior",3,1,100,40,6,50,51,10,"few",100
"male",69,135,11.5,9,"Freshman",0,2,130,40,8.5,47,50,3,"one",50
"male",73,175,10,4,"Freshman",3,1,100,150,7.5,46,50,7,"hundreds",25
"female",62,105,6.5,40,"Sophomore",17,1,80,200,6,48,48,4,"few",60
"male",73,180,10,5,"Freshman",1,0,88,80,7.5,48,49,7,"few",50
"female",63,120,8,25,"Sophomore",0,1,92,20,7,40,42,7,"few",20
"male",72,145,11.5,4,"Freshman",0,2,110,26,8.5,55,54,5,"hundreds",20
"female",65,118,8.5,30,"Sophomore",3,3,65,100,4,45,46,7,"few",50
"female",60,107,6,10,"Freshman",0,1,80,17,6,48,48,3,"one",95
"male",70,135,10.5,7,"Sophomore",2,1,105,17,8,49,49,2,"thousands",100
"female",69,170,12,35,"Freshman",1,3,100,5,7.5,50,54,2,"few",50
"female",66,120,8,25,"Sophomore",3,3,105,80,8,49,50,2,"few",90
"male",75,150,14,10,"Sophomore",3,2,95,200,8,48,48,7,"few",50
"male",67,169,10.5,2,"Freshman",0,3,110,1,6.5,45,51,6,"one",100
"female",64,142,9,30,"Freshman",2,0,50,200,7,41,45,9,"one",60
"female",64,134,8,5,"Sophomore",3,0,30,0,6.5,45,46,5,"none",75
"male",67,140,9.5,15,"Sophomore",0,5,130,20,7.5,56,62,4,"few",50
"male",72,148,11,30,"Sophomore",7,2,125,300,6.5,53,65,5,"thousands",5
"female",68,150,8,10,"Freshman",5,1,75,30,8,47,52,3,"one",65
"female",64,130,8,20,"Freshman",15,3,120,15,7,49,50,9,"few",90
"female",63,136,6,15,"Junior",3,2,80,20,7,46,52,5,"one",50
"female",64,126,9,38,"Freshman",1,1,95,3,7,47,49,3,"few",30
"male",74,210,12,6,"Freshman",5,1,120,50,6,59,59,7,"one",75
"female",63,115,7,40,"Sophomore",0,1,200,400,6,53,57,10,"few",3
"male",70,193,10.5,18,"Freshman",1,2,20,13,5.5,53,55,3,"thousands",60
"male",74,188,11,7,"Sophomore",0,1,120,100,7,42,45,9,"one",10
"female",68,130,7,12,"Sophomore",0,0,118,200,7,47,48,7,"few",90
"male",69,145,11,6,"Sophomore",2,3,110,30,7,52,65,8,"few",40
"female",64,175,7.5,30,"Sophomore",3,3,90,1,6,53,57,6,"few",50
"female",67,153,9,14,"Sophomore",2,5,85,43,7.5,51,51,10,"few",50
"female",69,160,10,57,"Freshman",0,2,100,0,7,53,50,7,"one",100
"female",60,115,5.5,20,"Freshman",13,1,95,20,7.5,45,49,7,"one",80
"female",67,115,8.5,25,"Sophomore",1,5,110,10,9,38,39,7,"few",30
"male",70,170,9.5,5,"Sophomore",7,2,90,80,7.5,59,63,6,"millions",98
"female",60,137,5.5,30,"Sophomore",5,3,110,40,5,47,50,5,"dozens",50
"male",70,134,10,5,"Freshman",0,2,105,40,7,54,54,6,"one",95
"male",69,180,10.5,7,"Sophomore",0,2,90,0,7,39,54,5,"few",80
"male",71,173,10.5,6,"Sophomore",2,2,100,50,7.5,49,50,10,"one",0
"female",64,110,6.5,17,"Freshman",2,0,70,16,8.5,43,45,9,"thousands",10
"male",70,173,9.5,12,"Sophomore",2,1,120,40,6,51,52,7,"dozens",25
"male",74,230,12,4,"Sophomore",4,3,90,0,8,55,57,7,"one",50
"male",67,200,9.5,4,"Freshman",0,2,90,400,7,59,64,2,"few",40
"male",69,170,10.5,2,"Freshman",0,2,95,5,6.5,44,51,6,"thousands",100
"female",62,120,7,30,"Junior",6,5,146,12,4.5,43,45,4,"dozens",99
"male",72,180,11.5,7,"Sophomore",0,1,105,0,6,47,52,3,"one",100
"female",64,96,5.5,24,"Freshman",0,1,85,90,6.5,51,51,7,"few",25
"female",64,135,8,10,"Sophomore",1,5,100,60,6,46,49,7,"one",75
"female",66,175,8.5,20,"Sophomore",0,1,90,30,6,42,44,7,"few",90
"male",70,180,10,10,"Senior",3,2,100,200,6.5,48,47,2,"one",25
"male",73,200,13,7,"Sophomore",0,0,70,90,5.5,40,45,3,"one",90
"female",61,110,6,20,"Sophomore",2,1,80,200,6.5,51,49,9,"few",100
"female",69,140,9,20,"Sophomore",3,2,90,20,8,48,50,7,"hundreds",50
"female",65,120,7.5,20,"Freshman",3,2,90,150,10,48,51,8,"few",90
"male",70,150,9.5,5,"Senior",2,2,88,200,6.5,50,49,6,"few",100
"female",65,129,8.5,12,"Senior",0,2,100,10,8,51,53,2,"one",50
"female",64,130,8,22,"Freshman",5,1,85,11,7,49,50,2,"one",95
"female",65,140,9.5,5,"Sophomore",2,3,20,25,6.5,43,56,9,"one",1
"female",65,122,8.5,20,"Freshman",5,2,95,23,6.5,49,48,5,"one",80
"female",63,124,7.5,5,"Sophomore",1,3,100,65,7.5,57,54,9,"one",50
"female",64,120,8.5,9,"Sophomore",2,2,85,40,7.5,52,54,9,"dozens",0
"male",73,205,12,10,"Freshman",1,2,85,1,7,52,54,5,"few",20
"male",70,175,10.5,8,"Junior",3,1,90,8,8,43,44,3,"few",40
"female",67,215,9,30,"Sophomore",2,3,75,0,7.5,50,65,4,"few",75
"female",65,125,8,25,"Freshman",5,1,73,0,7.5,46,49,8,"dozens",90
"female",67,150,8,8,"Junior",2,1,100,5,5,53,53,7,"dozens",50
"female",65,120,8.5,15,"Sophomore",1,0,87,47,7.5,50,51,4,"one",60
"female",67,112,8.5,20,"Freshman",8,1,80,40,10,51,55,7,"dozens",75
"female",67,138,8.5,10,"Freshman",0,0,65,150,6,48,53,7,"hundreds",20
"female",58,118,7.5,10,"Sophomore",0,2,98,100,6,49,57,8,"one",100
"male",69,127,9.5,7,"Freshman",0,1,110,1,9,56,59,4,"dozens",42
"female",65,112,8,7,"Freshman",2,0,70,60,9,58,62,4,"few",50
"female",63,114,7.5,20,"Sophomore",3,1,105,5,7,57,57,4,"millions",20
"female",62,130,8,13,"Sophomore",0,2,115,4,7,47,50,9,"few",100
"female",64,108,8.5,18,"Sophomore",1,1,20,20,6,50,51,4,"few",100
"female",62,106,6,25,"Sophomore",0,3,90,0,7.5,43,48,8,"few",50
"female",65,125,8,20,"Junior",0,2,90,90,7.5,57,60,8,"one",80
"female",62,90,7,9,"Freshman",0,0,20,120,6,53,50,4,"one",40
"female",72,150,10,12,"Sophomore",2,2,85,8,7.5,50,51,8,"few",95
"male",75,218,12,7,"Freshman",0,2,97,102,7,53,41,8,"few",100
"male",71,190,10.5,9,"Senior",1,1,100,43,5,51,54,7,"few",20
"male",77,140,13,3,"Sophomore",5,1,90,15,6,50,51,7,"few",100
"male",67,155,9.5,7,"Senior",5,7,120,300,8.5,58,55,7,"few",100
"female",64,118,6.5,35,"Freshman",0,1,92,40,8,51,51,7,"one",100
"female",64,140,7.5,8,"Sophomore",0,2,60,0,7,50,54,3,"few",25
"male",66,156,7.5,4,"Sophomore",0,1,85,25,8,43,46,2,"few",50
"male",70,170,10.5,15,"Sophomore",0,0,100,0,7.5,53,56,7,"thousands",98
"male",68,155,12.5,2,"Sophomore",3,1,105,100,8,52,51,5,"few",100
"male",74,165,11,4,"Sophomore",0,2,90,29,9,55,56,10,"hundreds",10
"male",66,150,9,2,"Sophomore",0,1,80,100,5,56,56,3,"few",10
"female",66,114,8.5,26,"Freshman",0,2,70,5,8.5,51,52,3,"hundreds",50
"female",63,120,7.5,22,"Freshman",0,2,125,0,6,49,48,1,"one",65
"female",48,107,4.5,12,"Freshman",8,4,95,2,6.5,36,35,7,"few",30
"male",75,160,12,4,"Sophomore",0,1,90,20,7,55,52,9,"hundreds",70
"female",64,135,7.5,29,"Sophomore",0,4,60,5,6.5,53,63,3,"one",40
"female",65,224,8,34,"Freshman",10,2,100,150,7,49,51,7,"few",70
"female",59,117,6,20,"Sophomore",4,1,90,0,8,51,48,7,"few",25
"female",68,150,9,50,"Freshman",1,2,110,30,6.5,48,51,9,"few",50
"female",68,155,10,10,"Sophomore",1,1,60,20,7.5,53,54,4,"few",90
"female",68,142,8.5,30,"Sophomore",3,3,60,400,7.5,45,57,6,"one",30
"female",68,120,7.5,60,"Freshman",3,2,100,70,7,50,50,5,"few",25
"female",65,120,7.5,20,"Senior",9,0,100,10,6,59,65,7,"few",25
"male",71,133,11,2,"Sophomore",5,7,90,10,7,45,46,4,"hundreds",50
"female",64,150,8,25,"Sophomore",2,2,80,200,5,49,51,6,"one",50
"male",67,138,7.5,6,"Freshman",0,1,135,1000,10,52,53,4,"few",90
"male",68,132,8.5,5,"Sophomore",0,0,80,120,7,42,45,5,"few",80
"female",64,127,8.5,12,"Freshman",5,1,90,50,7.5,62,60,8,"few",15
"female",67,135,8.5,35,"Freshman",0,2,90,60,7.5,52,53,4,"one",60
"female",61,125,8,5,"Freshman",0,2,50,30,6,49,49,3,"one",70
"female",63,112,7,20,"Freshman",2,1,85,5,8,47,48,7,"few",100
"male",73,190,11,10,"Freshman",1,2,100,300,7,44,44,9,"few",100
"female",71,140,8.5,15,"Freshman",5,1,85,300,6.5,47,48,7,"few",30
"female",68,125,8,30,"Sophomore",5,3,104,16,7,45,49,8,"few",25
"female",66,130,7,20,"Sophomore",3,2,115,7,7,48,56,9,"few",50
"male",72,144,8,8,"Freshman",4,1,75,1000,5,51,52,9,"few",50
"male",75,175,14,5,"Freshman",3,1,100,10,9,48,53,10,"dozens",25
"female",63,110,7.5,17,"Freshman",1,0,100,100,6.5,44,47,3,"hundreds",100
"female",65,117,6.5,22,"Freshman",2,1,85,3,8.5,47,47,9,"few",55
"female",66,130,8,37,"Sophomore",0,1,85,45,8.5,48,55,9,"few",87
"female",63,146,7.5,7,"Sophomore",1,1,100,2,7.5,42,42,8,"few",40
"male",62,89,6,7,"Freshman",2,1,90,2,7,39,47,1,"few",10
"female",64,137,6,15,"Sophomore",0,1,80,5,6,51,47,2,"few",20
"female",67,230,10,13,"Freshman",3,1,85,72,7,48,48,4,"few",70
"male",74,176,11,10,"Sophomore",2,2,108,200,7,50,49,5,"one",80
"female",63,110,7,30,"Sophomore",6,1,75,0,6,56,46,7,"dozens",85
"female",68,132,8.5,14,"Freshman",8,1,115,25,8,43,45,8,"dozens",35
"female",69,124,9.5,15,"Sophomore",4,2,40,18,7.5,48,57,8,"one",10
"female",66,170,9.5,10,"Junior",0,1,85,35,7,47,56,9,"few",100
"male",72,185,11,15,"Sophomore",1,0,130,1,5,49,54,10,"one",100
"female",64,125,7.5,10,"Sophomore",1,2,80,10,7,53,56,3,"few",80
"female",62,127,6.5,15,"Freshman",3,3,120,0,6,51,48,7,"one",25
"female",65,205,9.5,20,"Sophomore",0,3,100,15,7,50,52,7,"few",75
"male",68,175,11,8,"Sophomore",0,2,110,20,8,51,52,1,"few",100
"female",64,135,7,20,"Sophomore",3,1,99,79,7,46,48,6,"few",50
"male",72,170,11,6,"Freshman",2,0,70,60,6.5,50,53,8,"one",5
"male",74,155,11.5,8,"Sophomore",1,3,125,10,6.5,55,58,3,"one",90
"female",68,138,8,27,"Freshman",4,1,75,60,6,59,52,7,"few",70
"female",64,150,9,40,"Sophomore",2,1,80,120,7,42,48,5,"one",100
"female",62,130,7.5,20,"Freshman",0,2,80,140,6.5,51,51,9,"few",60
"female",62,150,7,13,"Freshman",0,1,70,68,7.5,50,55,6,"few",78
"female",65,135,7.5,12,"Freshman",1,3,112,110,9,46,47,4,"few",10
"male",58,140,10,11,"Freshman",3,3,100,70,5,36,41,8,"few",90
"female",67,140,8.5,10,"Sophomore",0,2,90,90,9,51,52,8,"few",100
"female",66,150,9.5,23,"Sophomore",0,1,90,43,6.5,50,50,5,"few",50
"female",68,140,7.5,23,"Sophomore",1,1,90,67,6,58,65,4,"few",100
"female",66,151,8,7,"Junior",2,2,93,2,8,54,57,8,"dozens",40
"female",64,130,8.5,20,"Freshman",3,3,100,0,5,46,50,3,"few",50
"male",70,155,10.5,6,"Sophomore",3,1,110,60,7.5,51,49,8,"few",20
"female",66,120,8.5,15,"Freshman",0,2,80,81,8,45,45,9,"one",80
"female",66,107,7.5,15,"Sophomore",2,5,65,45,4,63,65,8,"few",0
"male",70,135,9,4,"Freshman",1,2,85,40,8,54,61,9,"dozens",50
"male",73,171,10.5,8,"Freshman",1,3,85,12,8,52,52,7,"few",90
"female",64,125,7,5,"Sophomore",2,3,88,20,8,53,55,7,"dozens",75
"female",64,135,9,14,"Senior",4,1,85,20,8,43,49,3,"one",80
"male",67,125,9.5,2,"Sophomore",0,1,100,10,7,41,56,8,"few",50
"male",68,155,9.5,8,"Senior",1,3,120,42,7,56,56,4,"one",10
"female",63,107,6,9,"Sophomore",0,0,62,10,8,50,50,6,"one",60
"female",69,140,9,30,"Freshman",3,1,90,40,9,47,56,9,"hundreds",50
"female",63,120,8,12,"Freshman",3,2,91,26,8.5,48,50,10,"one",25
"female",64,110,7.5,10,"Freshman",3,1,80,20,7,50,55,4,"one",50
"male",70,130,11,4,"Sophomore",0,3,80,6,6.5,40,49,7,"dozens",25
"male",74,185,11.5,7,"Sophomore",1,1,115,45,7.5,47,50,6,"few",30
"female",61,103,6,23,"Freshman",1,2,85,20,9,51,54,5,"few",62
"male",72,190,10.5,15,"Junior",10,9,95,20,5.5,41,39,8,"dozens",15
"female",60,125,5,100,"Sophomore",2,1,100,5,6,52,53,10,"few",90
"female",61,180,7,7,"Junior",5,1,95,10,7,46,53,4,"few",25
"male",66,130,9,2,"Freshman",0,1,85,73,8,50,48,6,"few",50
"female",66,130,8.5,20,"Sophomore",1,4,100,1,7,40,41,7,"one",25
"male",73,240,13,4,"Sophomore",3,2,120,43,7,53,54,9,"one",100
"female",64,124,7,20,"Freshman",0,1,75,80,6.5,47,52,6,"few",15
"male",72,160,11,6,"Sophomore",0,1,105,40,8.5,48,49,3,"millions",0
"female",59,109,5,30,"Freshman",3,1,93,0,7,54,54,2,"few",50
"female",64,115,7,12,"Sophomore",0,1,90,15,7,51,52,2,"few",80
"female",62,118,7,20,"Freshman",0,2,100,150,7.5,48,48,7,"few",90
"female",65,135,8,20,"Freshman",3,1,95,35,6.5,54,60,7,"few",100
"male",71,175,11,10,"Sophomore",2,3,128,11,7,50,49,6,"few",100
"male",68,155,10,3,"Freshman",0,1,75,15,8,40,45,2,"few",80
"male",67,156,9,4,"Sophomore",3,2,95,30,7.5,41,44,4,"hundreds",37
"female",70,140,9.5,20,"Sophomore",1,1,85,100,8.5,47,48,6,"dozens",90
"female",64,150,10,20,"Sophomore",1,3,90,10,10,53,59,7,"hundreds",60
"female",69,130,9.5,100,"Junior",4,3,95,30,6.5,49,55,8,"one",10
"female",64,140,8,10,"Freshman",1,1,80,60,7,41,52,3,"few",50
"female",74,170,11.5,8,"Sophomore",0,3,90,27,7.5,54,62,7,"one",80
"female",66,128,8.5,7,"Freshman",0,2,70,10,4.5,46,50,7,"one",45
"male",73,168,10.5,10,"Sophomore",0,2,97,0,8.5,51,54,4,"thousands",90
"female",67,163,11,7,"Freshman",1,1,80,15,5.5,52,50,4,"few",100
"female",67,130,9,9,"Freshman",0,2,80,60,9,54,57,6,"few",90
"female",72,178,11,10,"Senior",15,2,145,32,6.5,47,47,5,"one",25
"female",64,126,8,14,"Freshman",0,2,99,20,6,53,53,2,"one",60
"female",64,114,8.5,25,"Freshman",0,2,115,5,6.5,45,48,5,"few",70
"male",75,175,13,10,"Junior",2,1,105,15,8,53,51,7,"few",95
"male",68,205,11.5,7,"Sophomore",0,3,85,5,6.5,50,57,1,"millions",100
"male",69,230,11,4,"Freshman",3,4,50,18,8,58,59,10,"few",80
"male",69,180,10.5,7,"Freshman",5,1,120,200,5,56,63,7,"few",25
"female",64,135,7.5,8,"Senior",2,1,85,150,7,50,54,5,"one",40
"female",64,113,8.5,12,"Sophomore",3,1,100,20,6.5,47,49,7,"few",15
"female",66,170,10,20,"Junior",0,3,95,150,9,48,48,2,"dozens",100
"male",69,120,9.5,3,"Sophomore",4,1,105,50,9,58,57,7,"hundreds",25
"female",65,140,6,30,"Freshman",0,0,86,150,8,46,49,7,"few",50
"male",73,163,9.5,3,"Freshman",0,1,140,700,6,46,49,1,"few",5
"male",72,164,11,10,"Sophomore",3,1,110,0,7,57,60,1,"few",25
"female",61,127,7,22,"Freshman",3,1,90,2,6,42,38,5,"few",35
"female",62,105,6,20,"Sophomore",4,1,80,100,8,45,46,7,"few",80
"female",67,140,9,10,"Freshman",1,2,84,60,7.5,46,47,6,"few",50
"female",66,145,8,25,"Freshman",4,1,90,140,7,49,50,4,"one",98
"female",64,187,9.5,15,"Sophomore",0,1,90,45,9,56,51,5,"few",75
"female",63,130,6,17,"Junior",3,2,70,0,7,38,41,6,"few",60
"female",67,158,8,15,"Sophomore",0,2,90,50,7,52,53,2,"few",50
"female",64,131,7.5,20,"Freshman",2,1,87,5,7.5,47,45,7,"one",81
"male",71,180,12,10,"Sophomore",1,3,101,7,7,58,55,3,"few",90
"female",66,123,8,12,"Sophomore",2,1,85,43,10,46,50,4,"few",80
"female",64,140,8,25,"Junior",3,2,90,60,8,43,43,7,"few",25
"male",71,165,10.5,4,"Junior",2,2,90,25,8,50,50,7,"few",75
"female",63,140,8,10,"Senior",0,1,80,0,6.5,63,59,8,"few",50
"female",61,105,6.5,30,"Freshman",1,1,95,300,7.5,52,51,3,"few",35
"female",62,120,6,10,"Sophomore",1,1,120,22,9,44,49,7,"few",50
"female",66,168,9,30,"Freshman",0,1,95,300,7,46,49,9,"one",55
"female",62,108,6,30,"Sophomore",7,1,100,120,4.5,51,56,6,"few",75
"female",68,175,10,15,"Sophomore",5,2,60,46,8.5,51,51,8,"millions",100
"female",62,110,6,11,"Junior",1,1,65,2,6,48,50,8,"hundreds",25
"female",67,146,9,30,"Freshman",1,1,75,9,6.5,52,61,8,"dozens",90
"female",62,142,7.5,16,"Sophomore",3,3,80,1,7,42,42,3,"few",30
"female",70,135,9,50,"Sophomore",1,1,110,200,6,57,56,6,"one",15
"female",64,124,7,16,"Sophomore",6,0,102,300,7,48,52,8,"few",50
"male",74,215,11,6,"Freshman",5,2,100,0,8,57,55,5,"few",90
"female",62,115,7,22,"Sophomore",6,1,100,14,6.5,40,39,3,"one",99
"male",71,135,10.5,5,"Sophomore",6,2,115,15,6,54,59,7,"one",100
"female",69,140,9.5,35,"Freshman",2,2,90,140,8,47,47,7,"few",90
"female",67,150,9,9,"Freshman",1,1,90,1,6,48,47,8,"few",85
"male",67,210,10,6,"Sophomore",3,2,115,103,8.5,59,56,4,"dozens",10
"female",63,130,8.5,72,"Junior",4,2,25,27,6.5,57,62,3,"few",70
"female",70,140,10,20,"Freshman",2,2,90,2,8,46,50,10,"few",50
"female",64,137,8,35,"Sophomore",0,6,120,7,5,40,40,7,"one",75
"female",68,135,8.5,17,"Freshman",15,6,90,70,7,49,49,6,"one",85
"female",64,115,7,20,"Freshman",2,5,95,0,7,49,50,9,"dozens",70
"female",67,120,7,40,"Junior",1,4,100,40,7,53,54,4,"few",80
"male",69,125,9.5,4,"Freshman",0,4,75,4,6.5,43,50,2,"few",15
"female",64,130,8.5,12,"Sophomore",1,5,95,28,6,43,50,5,"one",50
"female",63,116,6.5,15,"Freshman",2,2,110,200,7,54,54,2,"hundreds",80
"male",71,155,9.5,5,"Sophomore",0,3,95,2,7,55,52,9,"thousands",50
"female",64,121,6,15,"Freshman",5,1,80,120,5.5,53,54,8,"one",20
"male",67,147,9,8,"Sophomore",5,0,75,0,7.5,43,52,4,"thousands",70
"female",70,150,10,20,"Sophomore",0,2,90,69,8,47,58,10,"few",10
"female",68,142,9.5,10,"Sophomore",3,2,80,30,8.5,53,55,2,"one",50
"female",66,167,9,18,"Sophomore",6,0,90,11,5,37,46,7,"few",50
"female",68,125,7.5,18,"Freshman",7,3,101,2,8,51,51,6,"few",75
"female",63,126,7.5,20,"Sophomore",1,1,85,12,7,45,52,4,"few",90
"female",68,120,8.5,12,"Freshman",3,2,85,50,7,54,59,4,"few",70
"female",66,137,7.5,13,"Sophomore",2,0,95,32,7.5,53,54,7,"few",50
"female",64,125,7,25,"Freshman",1,2,100,30,7.5,53,60,7,"few",25
"male",69,160,13,4,"Sophomore",2,2,100,50,7,55,55,2,"few",100
"male",67,149,9,9,"Sophomore",2,2,90,14,7.5,59,63,9,"few",17
"female",68,116,8,20,"Sophomore",0,2,100,1000,7.5,53,65,3,"one",80
"female",62,98,6.5,10,"Sophomore",2,0,20,40,6,48,48,9,"few",0
"male",66,110,8.5,8,"Freshman",4,1,60,110,7,50,50,1,"one",100
"male",73,185,10.5,9,"Sophomore",3,2,110,140,7,50,59,7,"few",100
"female",65,145,7.5,30,"Sophomore",5,1,100,10,6,53,55,8,"dozens",40
"female",67,250,9,12,"Sophomore",5,2,85,9,7,59,62,5,"one",70
"male",74,182,12,13,"Freshman",6,2,130,40,6.5,49,45,4,"one",75
"female",70,190,10,22,"Sophomore",5,5,110,70,7,58,58,8,"few",10
"female",63,150,7,15,"Sophomore",0,4,50,7,7.5,41,47,4,"few",90
"female",60,105,6,15,"Sophomore",0,0,100,200,5.5,53,57,3,"one",27
"female",63,130,7,20,"Sophomore",2,2,90,60,7,50,50,7,"one",50
"male",75,210,14,12,"Sophomore",0,1,95,200,7.5,42,48,6,"thousands",80
"male",68,135,10.5,4,"Junior",0,1,100,8,6.5,48,55,7,"one",4
"female",69,144,9.5,30,"Sophomore",2,5,95,10,6.5,48,49,2,"dozens",80
"male",75,300,13,5,"Freshman",4,3,110,5,8,55,59,4,"one",50
"female",62,94,7,20,"Senior",7,5,85,100,6.5,59,55,7,"one",100
"female",67,140,8.5,40,"Sophomore",4,2,90,90,8,52,59,7,"few",10
"male",68,137,6.5,5,"Sophomore",0,1,125,700,6.5,55,57,2,"dozens",10
"female",65,117,7.5,63,"Sophomore",1,1,124,40,7.5,50,52,7,"few",60
"female",65,131,8,40,"Sophomore",2,1,100,31,6,43,49,4,"one",50
"female",65,130,7,20,"Freshman",3,3,95,40,9,46,50,1,"dozens",50
"female",64,140,8.5,40,"Sophomore",3,3,80,90,8,52,52,9,"one",95
"female",62,130,7,20,"Freshman",5,1,57,82,6.5,44,52,6,"dozens",88
"male",75,154,10,15,"Freshman",1,1,95,150,6.5,41,42,8,"one",50
"female",68,148,9,18,"Freshman",3,1,85,0,6.5,48,48,7,"few",80
"female",64,140,9,20,"Sophomore",0,0,95,36,7,50,47,6,"one",90
"female",67,140,9.5,3,"Senior",7,1,85,2,7,51,50,3,"few",50
"female",69,175,9.5,20,"Freshman",0,1,85,7,8,50,54,8,"dozens",50
"female",67,135,8,15,"Freshman",1,2,80,35,7.5,52,52,5,"dozens",85
"female",64,130,7.5,6,"Senior",4,1,70,5,7.5,50,52,9,"dozens",10
"female",67,120,10,17,"Freshman",1,0,90,8,6,42,43,8,"one",50
"male",70,135,9,3,"Sophomore",1,1,80,10,7,45,45,8,"one",50
"female",65,130,8.5,20,"Freshman",1,2,90,10,7,45,45,7,"few",100
"female",64,140,8,8,"Sophomore",1,2,90,300,7,46,56,4,"few",90
"female",64,160,9,50,"Sophomore",1,6,32,0,6,40,47,6,"one",50
"female",64,140,6.5,23,"Freshman",2,1,91,120,8,53,58,5,"few",30
"female",66,140,8.5,10,"Junior",3,2,90,0,7,58,58,6,"few",70
"female",63,127,7,10,"Freshman",2,2,80,110,7,53,53,8,"few",95
"male",69,190,12,5,"Freshman",4,8,105,0,7.5,60,65,6,"hundreds",51
"male",74,133,10,7,"Sophomore",1,3,20,100,7,48,54,3,"few",50
"male",65,115,9,8,"Sophomore",3,3,110,35,7,46,53,8,"one",60
"female",64,128,6.5,28,"Freshman",2,1,80,30,6,54,58,2,"few",75
"female",64,140,8,30,"Junior",11,3,90,22,9,49,55,3,"one",35
"male",73,154,12,3,"Freshman",1,0,70,50,7,43,45,5,"few",50
"female",63,112,8,10,"Sophomore",2,1,80,100,6,52,53,5,"few",50
"male",71,170,12,4,"Freshman",2,3,100,30,7.5,54,54,8,"hundreds",90
"female",63,135,9,32,"Sophomore",4,2,95,8,6,48,48,7,"few",50
"female",60,120,4,2,"Sophomore",2,2,40,25,6.5,40,57,4,"one",90
"female",62,130,7.5,13,"Sophomore",7,6,80,21,7,54,43,7,"hundreds",65
"female",62,128,6.5,15,"Sophomore",3,1,102,66,8.5,50,50,7,"few",100
"female",66,143,8.5,30,"Sophomore",4,2,85,35,8,48,49,9,"dozens",90
"female",62,120,8,25,"Freshman",3,2,80,2,10,57,58,5,"few",80
"female",68,172,9.5,10,"Sophomore",2,1,92,40,7.5,37,36,4,"few",60
"male",68,190,11.5,6,"Sophomore",1,1,100,20,8,42,46,1,"millions",100
"female",61,113,6,14,"Sophomore",13,1,90,11,7,51,53,7,"few",50
"female",67,123,7.5,10,"Freshman",1,0,60,30,6.5,46,47,7,"few",50
"male",68,155,8.5,4,"Senior",4,2,95,5,7.5,50,52,4,"few",100
"female",68,124,8.5,18,"Freshman",5,1,80,100,8.5,42,46,8,"few",75
"male",73,165,11,2,"Sophomore",1,1,90,20,6,53,61,6,"one",50
"female",69,120,9,28,"Sophomore",4,2,100,20,6.5,41,43,3,"few",30
"female",66,146,8.5,30,"Junior",9,2,100,200,7,52,52,8,"few",50
"female",62,130,7,30,"Sophomore",2,1,85,56,8,48,49,2,"hundreds",75
"female",68,180,8,20,"Junior",1,2,90,0,7,55,60,7,"few",50
"female",63,119,7,50,"Sophomore",2,3,110,105,8,48,48,6,"one",95
"female",66,155,9.5,15,"Freshman",4,2,83,25,7,54,55,2,"few",75
"female",69,264,10,6,"Freshman",13,1,91,0,5,54,53,8,"one",10
"female",62,129,8,11,"Freshman",1,1,100,15,5.5,46,50,9,"dozens",30
"female",68,140,8,20,"Freshman",1,1,80,40,8,52,56,6,"dozens",100
"female",65,146,9,29,"Sophomore",3,4,80,0,7.5,47,46,2,"thousands",90
"female",66,130,7.5,21,"Sophomore",3,3,85,120,8,44,47,4,"one",50
"female",62,135,6.5,20,"Freshman",3,1,85,15,8,43,42,6,"one",50
"female",61,107,7,30,"Freshman",4,1,85,15,8,52,57,7,"dozens",50
"female",64,113,9,4,"Freshman",3,2,90,200,9.5,47,47,2,"hundreds",50
"male",71,160,10.5,1,"Freshman",5,4,80,4,5,46,54,8,"thousands",30
"male",70,176,10.5,5,"Sophomore",0,3,90,0,6,52,53,8,"few",70
"male",73,160,10.5,5,"Junior",0,1,70,1000,4,57,65,4,"few",30
"female",66,170,8,10,"Freshman",1,1,85,30,6,53,64,5,"few",100
"male",75,160,14,3,"Sophomore",20,1,130,30,6,51,51,6,"millions",0
"female",64,125,8,16,"Sophomore",2,2,75,10,6,43,44,6,"few",92
"female",65,148,8,12,"Sophomore",2,12,112,0,6.5,42,52,2,"dozens",2
"male",76,260,13,6,"Sophomore",4,2,100,76,8,53,52,3,"few",10
"female",62,104,6.5,20,"Freshman",0,0,90,80,7,55,55,7,"few",75
"male",69,156,10,15,"Senior",1,2,105,0,7,48,53,3,"one",50
"female",64,107,5.5,10,"Junior",16,3,70,0,8,44,49,7,"dozens",50
"male",75,180,12,4,"Junior",0,1,100,20,8,50,50,3,"hundreds",15
"female",63,130,7.5,30,"Sophomore",3,1,120,0,8,49,37,5,"one",75
"male",70,160,11,15,"Junior",26,3,90,4,7,50,54,10,"few",0
"male",75,210,13,5,"Sophomore",3,2,125,18,6.5,53,56,3,"one",90
"male",70,150,10.5,4,"Freshman",0,1,110,30,8,45,51,3,"few",8
"male",74,225,12.5,6,"Senior",0,5,111,16,6.5,39,41,8,"few",40
"female",64,143,8,11,"Sophomore",1,3,50,150,6,49,51,2,"few",100
"male",69,127,9,6,"Freshman",0,0,20,40,7,48,49,6,"few",50
"male",71,185,10.5,4,"Junior",1,2,145,100,7,40,42,1,"few",25
"female",67,174,9,25,"Sophomore",3,5,110,55,7,40,42,4,"one",100
"female",67,180,10,3,"Sophomore",10,4,55,0,6,47,53,3,"one",30
"male",75,183,13,4,"Sophomore",0,2,50,10,7.5,54,60,2,"few",15
"male",71,153,11,1,"Freshman",1,0,90,23,8,48,50,7,"few",50
"female",70,154,10.5,10,"Sophomore",4,2,100,20,7,52,51,4,"hundreds",80
"female",65,130,8.5,15,"Sophomore",1,1,100,20,8,50,50,7,"one",95
"female",63,150,9.5,40,"Sophomore",5,5,100,20,8,42,40,8,"few",50
"female",64,125,7,10,"Sophomore",0,3,125,70,7.5,54,54,2,"one",90
"female",65,125,7.5,30,"Freshman",5,3,100,200,7,51,52,4,"one",75
"female",61,133,7.5,7,"Freshman",1,1,80,5,7.5,45,49,8,"few",90
"female",70,145,10,16,"Sophomore",0,5,90,4,7,50,50,9,"one",90
"female",59,90,6,12,"Freshman",0,0,80,15,7,57,57,2,"one",50
"female",68,155,8.5,10,"Sophomore",2,2,95,150,7.5,45,45,7,"dozens",80
"male",69,220,10.5,10,"Senior",7,1,100,120,7.5,55,58,7,"few",30
"female",62,110,6.5,40,"Sophomore",4,1,50,30,8,59,57,7,"few",60
"female",68,134,8.5,15,"Freshman",5,1,90,40,5.5,48,47,4,"one",100
"female",65,140,7.5,13,"Sophomore",0,1,105,100,7.5,49,51,7,"few",50
"female",62,110,6,13,"Freshman",2,1,90,50,7,48,50,3,"few",50
"female",63,123,7.5,20,"Sophomore",3,2,85,70,10,53,53,3,"few",75
"female",64,135,8,13,"Freshman",0,2,95,150,6,58,59,7,"few",100
"female",64,124,7,11,"Freshman",0,0,100,97,6,50,48,8,"few",40
"male",71,177,9.5,9,"Sophomore",5,2,95,200,8,49,50,5,"one",70
"male",66,127,7.5,5,"Sophomore",1,2,82,50,6.5,62,65,7,"one",10
"male",69,183,10,10,"Junior",15,7,110,25,6.5,57,56,7,"few",50
"male",69,164,10,3,"Freshman",4,2,85,0,5.5,47,57,6,"thousands",10
"female",60,140,7,14,"Sophomore",2,2,80,0,5,46,44,4,"one",50
"male",69,210,10,17,"Junior",0,0,110,3,6,65,65,1,"one",10
"male",69,220,10,10,"Sophomore",10,4,120,8,6.5,49,56,9,"thousands",75
"female",64,205,9.5,25,"Junior",4,5,90,0,5,53,55,2,"few",25
"female",64,154,10.5,14,"Sophomore",0,2,90,50,7,41,41,6,"one",2
"female",65,130,7.5,9,"Sophomore",1,1,100,200,7,46,52,1,"one",50
"female",62,175,6,23,"Junior",0,3,55,15,7,41,55,7,"few",10
"female",66,130,8.5,40,"Senior",3,1,85,12,6,54,47,2,"few",15
"female",68,123,9,50,"Freshman",1,2,80,101,8,48,51,8,"few",60
"male",71,158,11.5,6,"Sophomore",1,1,105,0,9,52,52,8,"millions",100
"male",71,175,12,6,"Sophomore",1,3,100,50,7,52,56,7,"few",100
"female",72,155,12,10,"Sophomore",3,3,95,49,8,52,52,4,"few",95
"female",69,145,9.5,40,"Freshman",4,0,95,50,6,43,52,4,"few",100
"female",66,118,8.5,23,"Freshman",0,2,65,68,7.5,49,48,8,"few",90
"male",70,150,12,6,"Sophomore",2,1,100,120,7.5,58,56,8,"few",50
"male",76,195,13,4,"Junior",2,1,115,0,8,59,58,9,"few",100
"female",65,130,7.5,8,"Sophomore",1,2,80,26,6,48,48,4,"few",80
"female",62,130,6,24,"Sophomore",0,4,95,15,7,55,58,9,"one",85
"male",66,155,7.5,8,"Sophomore",2,2,110,200,6.5,44,46,7,"few",50
"male",70,230,12,2,"Junior",0,2,110,200,8,53,57,6,"one",80
"female",68,145,9,27,"Sophomore",2,1,90,20,6,46,47,10,"one",99
"female",61,136,7,25,"Sophomore",3,2,85,20,6.5,41,44,7,"one",30
"female",59,100,6,20,"Freshman",0,1,75,100,6.5,46,55,7,"one",100
"female",62,115,7.5,11,"Sophomore",7,2,90,63,6,48,50,9,"few",25
"female",64,125,8.5,11,"Junior",3,2,80,45,7,50,55,7,"thousands",50
"male",71,203,10.5,5,"Senior",3,3,100,70,6,46,46,7,"dozens",65
"male",70,250,11.5,2,"Sophomore",4,2,75,13,7,51,47,6,"hundreds",60
"male",69,238,11,4,"Sophomore",5,5,105,30,4,55,56,9,"few",20
"male",71,178,10,5,"Junior",25,1,140,50,5.5,52,55,8,"one",100
"male",68,152,10,4,"Sophomore",0,1,60,8,11,50,53,6,"few",50
"female",63,135,7.5,10,"Freshman",0,1,90,45,6.5,50,53,2,"dozens",75
"male",70,170,10.5,4,"Junior",5,1,150,1000,9,44,48,1,"millions",0
"male",72,164,11.5,5,"Sophomore",0,3,95,120,8,49,55,2,"one",25
"female",63,110,6,10,"Sophomore",2,0,80,10,6,57,57,5,"few",50
"female",65,140,8,50,"Senior",1,1,90,7,6.5,50,51,6,"dozens",85
"male",73,180,11,3,"Junior",1,0,92,20,9,59,62,1,"dozens",96
"male",76,215,15,10,"Sophomore",6,4,95,0,7,48,52,7,"one",100
"female",67,122,9,15,"Freshman",2,1,95,100,7,49,48,8,"few",95
"male",76,185,12,3,"Freshman",3,1,90,85,7,51,55,7,"few",100
"female",68,166,8.5,22,"Freshman",2,3,90,6,6.5,48,51,3,"one",50
"female",64,111,6.5,8,"Freshman",0,4,20,300,7,47,58,4,"none",55
"female",64,130,7.5,12,"Junior",4,1,85,35,6,50,53,4,"few",100
"female",66,149,9.5,24,"Junior",1,0,80,0,8,49,53,4,"few",75
"female",62,95,7.5,7,"Freshman",0,2,90,75,6.5,49,49,3,"few",10
"female",63,125,7.5,25,"Sophomore",3,1,95,20,7.5,50,51,6,"one",100
"female",67,130,9.5,10,"Freshman",1,0,55,46,6,38,41,6,"few",50
"female",68,120,9.5,11,"Senior",4,2,102,0,5.5,51,52,9,"hundreds",90
"female",65,115,8.5,20,"Sophomore",0,1,88,45,7,52,60,7,"few",75
"female",66,135,7.5,15,"Freshman",1,1,80,40,7,57,59,5,"one",80
"female",65,125,7.5,35,"Freshman",2,0,80,50,6.5,52,65,7,"one",100
"male",75,203,12,14,"Sophomore",4,1,105,0,7.5,46,49,10,"dozens",35
"female",69,163,10,13,"Sophomore",3,4,85,0,7.5,58,65,7,"one",100
"female",64,127,8.5,17,"Sophomore",7,1,100,0,8.5,54,58,4,"millions",30
"male",74,157,10,8,"Freshman",1,2,90,10,8,51,53,4,"dozens",60
"male",66,147,9.5,6,"Junior",1,1,110,0,6.5,45,50,6,"few",75
"female",66,140,9.5,20,"Junior",1,2,98,30,7.5,54,58,6,"few",90
"female",61,115,6.5,15,"Freshman",0,2,65,27,6,47,48,8,"millions",100
"female",59,173,6,14,"Junior",5,1,70,7,6,48,48,6,"one",50
"male",73,195,10.5,13,"Junior",1,1,120,10,6.5,53,56,2,"one",99
"male",71,205,12,5,"Freshman",3,1,150,0,6,48,50,6,"hundreds",25
"female",63,110,7.5,33,"Junior",20,3,60,150,6.5,38,39,3,"one",80
"female",68,135,9.5,30,"Sophomore",1,3,85,0,9.5,46,53,7,"few",65
"male",67,145,9.5,7,"Freshman",3,2,90,80,7,49,50,2,"few",10
"female",62,95,6,12,"Junior",13,9,45,12,4.5,48,48,8,"hundreds",70
"male",73,145,10.5,6,"Freshman",0,3,100,1,7,41,50,10,"few",70
"female",65,170,8.5,6,"Freshman",0,3,70,0,8,43,54,1,"hundreds",30
"female",70,165,9,20,"Freshman",5,1,90,2,7,55,53,9,"few",40
"female",61,140,7.5,30,"Sophomore",1,1,80,30,6,52,54,8,"few",45
"male",71,160,8.5,30,"Junior",5,2,140,500,6.5,50,56,7,"dozens",75
"male",74,160,10,10,"Sophomore",3,3,118,25,8,51,53,8,"thousands",100
"male",70,154,9.5,5,"Sophomore",5,3,135,120,7.5,47,47,5,"few",70
"male",75,192,11,7,"Sophomore",1,1,90,0,8,49,53,6,"millions",100
"female",65,158,8,17,"Sophomore",0,2,70,12,7,49,50,2,"few",20
"female",69,135,9.5,30,"Senior",1,2,100,10,8,54,56,3,"one",50
"male",73,165,10.5,4,"Sophomore",0,1,95,20,6,51,49,2,"one",10
"female",64,145,8.5,10,"Freshman",5,1,95,40,10,41,50,6,"few",80
"female",63,149,7,18,"Freshman",4,2,85,150,8.5,50,50,7,"one",75
"male",69,145,11.5,2,"Sophomore",0,4,85,5,6,51,63,3,"millions",10
"male",71,170,10,6,"Sophomore",2,2,110,42,7,42,58,9,"hundreds",50
"male",70,175,11.5,14,"Senior",2,4,110,96,7,50,54,8,"thousands",0
"female",68,148,9.5,17,"Freshman",5,3,96,15,7,52,56,9,"few",50
"male",70,165,10.5,2,"Freshman",1,1,75,55,8,49,51,3,"dozens",100
"male",72,182,11.5,4,"Freshman",5,1,80,72,7,45,45,5,"few",90
"male",71,184,9.5,7,"Sophomore",4,4,100,60,7,41,38,7,"few",10
"female",64,125,8,50,"Sophomore",0,1,90,300,7,47,47,2,"few",2
"male",76,210,14,5,"Freshman",1,1,100,10,5.5,49,49,7,"few",40
"male",68,126,10.5,7,"Freshman",2,0,90,6,6.5,65,65,2,"one",70
"male",68,204,11,6,"Sophomore",1,2,145,50,8.5,47,51,5,"dozens",15
"male",67,179,10.5,5,"Junior",0,1,110,31,7,44,46,6,"dozens",100
"female",63,100,6.5,20,"Sophomore",1,4,120,0,6,50,57,10,"few",5
"female",60,125,6,25,"Sophomore",16,1,110,12,8,44,48,8,"few",20
"male",72,170,10,6,"Sophomore",1,3,95,27,7.5,49,49,8,"few",100
"female",61,130,8,25,"Sophomore",2,1,70,40,5,46,48,6,"few",50
"female",63,130,7,10,"Freshman",0,1,75,200,6.5,49,50,8,"one",50
"female",65,130,7.5,11,"Sophomore",0,1,60,23,6.5,55,55,6,"thousands",90
"female",64,128,6.5,16,"Sophomore",1,2,85,85,7,54,54,2,"one",80
"female",67,152,10,40,"Sophomore",0,3,103,0,5,50,54,2,"one",90
"male",72,185,13,8,"Sophomore",2,2,90,64,7,52,51,5,"few",10
"female",65,115,10,7,"Sophomore",2,0,100,21,7,65,63,8,"few",50
"female",63,139,7,9,"Freshman",7,2,95,43,7.5,45,46,4,"one",60
"female",64,140,7.5,30,"Junior",3,2,100,36,7,56,56,5,"few",50
"male",68,135,10.5,13,"Sophomore",2,3,112,21,8,54,56,1,"dozens",0
"female",60,95,6.5,13,"Freshman",0,1,75,200,7.5,40,45,3,"few",10
"male",71,213,13,5,"Senior",4,1,105,0,8,53,57,3,"few",50
"male",67,180,10.5,12,"Sophomore",1,1,90,8,6,46,47,2,"one",50
"male",70,165,11.5,5,"Freshman",0,1,100,20,5.5,49,48,2,"few",40
"female",62,104,7,12,"Sophomore",1,3,90,2,8,40,40,7,"hundreds",99
"male",69,175,10.5,5,"Sophomore",1,1,120,17,7,61,61,2,"few",90
"male",70,166,10,6,"Sophomore",0,0,135,0,6,38,43,3,"one",25
"female",72,190,10.5,30,"Freshman",2,1,90,20,7,54,57,4,"few",70
"male",73,210,11.5,20,"Freshman",3,1,100,10,9,49,52,3,"few",50
"male",69,165,10,6,"Sophomore",7,2,90,80,7,56,57,2,"few",20
"female",63,125,7,30,"Sophomore",1,1,90,25,8,53,53,10,"dozens",100
"female",60,103,6,5,"Freshman",2,2,70,25,8,49,54,4,"one",100
"male",73,140,13,5,"Freshman",5,1,95,100,8,45,53,4,"hundreds",10
"female",61,125,6.5,35,"Sophomore",11,2,100,102,8,49,52,3,"few",30
"female",63,117,6,27,"Freshman",4,1,110,0,6,50,52,7,"one",100
"female",69,135,10,20,"Freshman",4,2,115,100,5,54,52,2,"few",50
"female",67,125,8.5,40,"Freshman",2,2,95,120,6,51,54,7,"few",20
"female",65,135,8.5,20,"Sophomore",3,3,70,0,7,54,57,9,"few",20
"female",68,134,8.5,50,"Freshman",24,1,109,20,6,49,50,7,"few",10
"male",70,150,11,6,"Sophomore",10,3,120,11,8,45,46,5,"few",75
"male",72,164,11,7,"Sophomore",10,4,65,10,7,46,49,9,"few",10
"female",63,115,6,17,"Sophomore",7,2,35,15,8,42,48,10,"few",100
"female",56,80,5,8,"Sophomore",2,5,20,40,7.5,52,54,5,"few",70
"male",73,170,11.5,2,"Freshman",3,3,80,82,8,52,56,5,"few",75
"female",63,128,7,5,"Junior",0,2,20,200,8,61,65,3,"few",37
"female",69,136,10.5,16,"Junior",2,2,100,10,6.5,50,49,3,"few",50
"female",68,149,10,26,"Sophomore",1,2,85,130,7,50,52,6,"dozens",100
"female",66,125,8.5,15,"Freshman",1,1,80,25,6,48,45,5,"one",100
"female",63,125,6.5,25,"Freshman",4,1,80,8,10,44,44,4,"hundreds",65
"female",66,130,9,15,"Sophomore",2,2,75,2,6,39,40,5,"few",100
"female",62,100,6,25,"Freshman",1,2,90,45,7,54,50,5,"one",50
"female",67,174,10,20,"Sophomore",2,9,60,3,6.5,40,43,7,"one",25
"female",64,135,8.5,15,"Freshman",1,1,85,36,7,51,52,7,"one",50
"female",69,155,10,20,"Freshman",0,1,92,50,7,50,50,5,"few",50
"female",62,110,7,17,"Senior",6,7,120,24,6.5,41,43,9,"few",99
"female",65,208,9,16,"Freshman",3,5,80,0,6,43,39,9,"few",50
"male",70,150,9,4,"Sophomore",3,2,100,110,6.5,53,52,7,"thousands",80
"female",65,143,8,18,"Junior",2,1,85,42,8,53,58,4,"one",95
"female",66,103,7,30,"Junior",1,0,100,100,7,54,54,4,"one",50
"male",70,155,11,8,"Sophomore",0,2,105,65,8,52,53,6,"few",10
"female",64,220,9,25,"Sophomore",2,2,100,5,8.5,54,56,4,"few",50
"male",69,140,9,4,"Senior",3,3,105,0,9,44,44,4,"one",90
"female",64,98,7.5,20,"Senior",2,0,110,15,5,53,55,3,"hundreds",90
"male",72,160,11,8,"Freshman",8,1,110,45,9,47,48,6,"one",75
"female",68,120,9,5,"Freshman",0,1,80,150,7.5,49,49,6,"none",40
"female",69,137,9.5,21,"Freshman",4,4,93,30,8,58,57,2,"one",95
"female",71,143,10,12,"Sophomore",6,1,95,14,8,50,52,9,"hundreds",93
"female",65,120,7,7,"Sophomore",9,1,90,17,7,49,49,9,"dozens",90
"female",62,135,5.5,20,"Junior",7,8,30,10,6.5,44,45,3,"few",5
"female",62,117,7,20,"Sophomore",2,2,80,0,6,38,39,3,"few",60
"female",63,102,6.5,30,"Sophomore",4,1,93,20,7.5,49,49,5,"few",50
"female",63,117,7.5,10,"Freshman",2,2,80,50,8,48,48,8,"few",95
"male",70,150,9,3,"Freshman",0,1,80,40,9,43,48,8,"few",0
"female",65,123,8,50,"Freshman",2,1,90,25,9,53,55,7,"one",40
"female",67,130,8,26,"Freshman",2,2,101,5,7.5,48,49,7,"few",60
"female",64,130,7.5,32,"Sophomore",9,1,85,12,6,40,39,7,"few",15
"female",69,193,10,15,"Sophomore",0,3,90,35,9,42,42,4,"few",20
"female",63,115,7,9,"Sophomore",10,7,65,20,9,51,53,6,"few",25
"male",69,182,12,6,"Senior",13,0,120,42,7,43,43,7,"one",95
"female",64,136,8,16,"Freshman",3,2,100,140,8,50,62,6,"one",98
"male",74,205,13,10,"Sophomore",2,1,140,1000,7,46,50,4,"one",100
"female",62,180,8.5,5,"Senior",30,4,75,6,7,47,49,2,"few",50
"male",68,145,8.5,3,"Freshman",0,2,110,30,8,47,48,9,"millions",0
"male",69,145,10,3,"Freshman",1,1,85,16,5.5,54,49,3,"few",45
"female",69,162,10,16,"Freshman",0,1,60,10,8.5,38,44,6,"one",25
"female",64,130,7,25,"Sophomore",1,2,90,55,5.5,49,52,6,"few",85
"male",69,130,9,1,"Freshman",1,1,90,30,5,45,45,9,"dozens",14
"female",64,130,8.5,15,"Freshman",0,4,90,52,7,54,55,2,"few",98
"female",61,104,7,10,"Sophomore",7,4,85,0,6.5,53,60,5,"one",100
"female",65,150,8.5,25,"Junior",2,1,90,30,7,43,42,7,"one",100
"male",76,189,13,8,"Senior",0,2,100,10,9,52,52,9,"dozens",50
"female",64,130,7.5,14,"Senior",4,1,85,100,8,52,59,5,"one",20
"female",62,144,7.5,31,"Sophomore",1,3,100,35,6,44,39,7,"few",10
"male",68,135,11,2,"Senior",4,1,80,103,8,56,58,6,"dozens",60
"female",66,150,8.5,15,"Junior",2,4,95,30,6.5,52,48,7,"few",40
"female",64,142,9,40,"Freshman",1,2,70,20,7.5,56,55,6,"one",96
"female",65,115,8,30,"Sophomore",4,3,80,0,7.5,43,45,3,"one",15
"female",66,120,7,20,"Junior",2,2,80,30,7.5,51,53,8,"few",100
"male",70,200,11,8,"Sophomore",13,2,110,140,7,47,49,7,"hundreds",50
"male",70,150,11,7,"Sophomore",0,3,85,20,7,63,64,8,"few",25
"male",73,167,12,9,"Sophomore",2,3,105,5,8,52,50,2,"few",5
"female",63,140,8.5,11,"Sophomore",8,1,70,45,7.5,59,58,6,"few",48
"female",63,117,7,25,"Sophomore",4,1,85,10,7,56,59,6,"few",75
"male",73,240,12,6,"Sophomore",6,1,112,35,7.5,45,47,8,"hundreds",50
"female",65,120,9,14,"Sophomore",0,1,75,100,7,50,60,6,"one",100
"female",64,145,8.5,6,"Sophomore",2,1,100,50,7,50,52,7,"few",100
"female",68,147,8,16,"Freshman",3,3,85,2,7.5,44,44,8,"one",55
"male",69,145,10,6,"Sophomore",1,3,112,23,8.5,54,54,2,"hundreds",90
"female",65,115,7,30,"Freshman",2,2,160,15,6,51,55,3,"hundreds",85
"female",62,130,8,24,"Sophomore",4,3,100,20,7,49,49,4,"few",60
"female",65,113,7.5,7,"Sophomore",11,2,85,2,7.5,52,45,4,"few",95
"female",62,114,6.5,24,"Freshman",1,1,90,80,7,51,55,6,"few",90
"female",63,92,5.5,24,"Sophomore",1,0,50,90,7,58,63,3,"dozens",15
"female",63,145,8.5,20,"Junior",3,5,90,150,6.5,50,53,5,"one",20
"male",70,137,10.5,10,"Senior",1,1,90,20,8,47,47,4,"one",25
"female",66,130,9,29,"Sophomore",4,4,84,70,6,47,46,7,"few",65
"male",67,110,8.5,7,"Freshman",2,1,100,20,7.5,49,50,10,"few",51
"female",66,137,8,20,"Freshman",1,1,80,30,7,48,56,8,"few",85
"female",63,128,7,16,"Junior",0,2,90,18,7,50,52,8,"few",70
"female",63,108,7,10,"Junior",4,3,75,100,5.5,57,58,7,"few",40
"female",64,130,8,10,"Sophomore",5,1,100,50,7,46,45,7,"one",75
"female",67,140,5.5,20,"Sophomore",4,1,90,60,7,47,46,2,"few",80
"female",64,112,7.5,12,"Sophomore",5,1,90,10,7,52,51,6,"one",100
"female",67,147,7,15,"Sophomore",7,4,200,15,8,43,42,7,"few",100
"female",66,117,9,20,"Junior",5,2,50,5,6,45,46,7,"one",90
"female",64,94,6.5,30,"Freshman",1,1,100,15,9,59,61,5,"one",60
"male",66,150,9,8,"Freshman",1,1,100,81,8,48,49,1,"one",30
"female",62,133,6.5,7,"Sophomore",4,2,72,2,6.5,59,60,8,"few",10
"male",75,160,13,3,"Junior",5,3,100,102,6.5,50,52,7,"one",50
"female",67,109,7.5,6,"Sophomore",1,2,95,90,7,51,53,3,"hundreds",65
"male",68,126,8.5,11,"Freshman",1,1,43,9,6,40,50,8,"dozens",34
"female",68,130,9.5,35,"Freshman",4,4,80,20,8,60,62,8,"few",100
"female",64,140,9,19,"Sophomore",2,2,80,60,8,50,50,2,"few",50
"female",63,115,8,20,"Sophomore",1,1,80,38,6.5,49,49,5,"one",99
"female",62,120,6.5,12,"Freshman",5,0,95,100,5,58,52,7,"few",25
"male",75,185,12.5,10,"Sophomore",0,0,105,21,6,58,55,7,"millions",10
"female",65,131,8.5,25,"Senior",0,2,80,15,7,55,59,6,"few",90
"male",75,207,11,14,"Freshman",3,11,97,0,7,35,35,7,"millions",100
"female",68,145,9.5,14,"Freshman",0,1,70,20,7,50,52,6,"few",50
"female",62,135,6.5,40,"Junior",0,1,100,20,6,55,57,2,"dozens",50
"female",64,117,8,23,"Freshman",0,1,90,41,9,49,49,6,"one",50
"male",74,190,11.5,7,"Freshman",3,5,90,71,6.5,50,60,3,"few",50
"male",65,135,10,5,"Sophomore",1,0,100,100,8,50,50,6,"few",50
"female",62,116,7.5,10,"Freshman",1,0,90,50,6.5,51,51,5,"few",30
"female",63,189,7,20,"Freshman",1,3,65,0,7,55,56,6,"few",90
"female",63,122,7,12,"Sophomore",1,2,100,140,7,47,48,5,"few",50
"male",68,149,10.5,4,"Freshman",0,1,104,60,8,41,45,7,"one",0
"female",63,104,6.5,10,"Sophomore",0,3,85,40,7,49,47,4,"one",20
"female",66,140,8,12,"Freshman",1,3,85,40,8.5,50,52,4,"few",100
"female",63,144,7,12,"Freshman",0,3,110,12,8.5,51,51,3,"few",65
"male",68,130,8.5,6,"Junior",3,1,105,55,6.5,49,54,6,"dozens",75
"male",71,163,12,5,"Sophomore",1,1,120,200,7.5,51,55,2,"few",25
"male",70,155,10.5,3,"Freshman",0,1,200,107,8,39,46,4,"none",90
"male",71,210,12,4,"Junior",1,2,85,20,7.5,53,62,5,"dozens",50
"female",62,150,7.5,30,"Sophomore",5,1,100,300,7.5,46,54,3,"one",50
"male",66,214,9.5,5,"Sophomore",3,4,20,30,8,52,51,1,"one",90
"male",67,113,9,4,"Freshman",2,2,90,27,7,49,48,5,"dozens",50
"female",65,140,9.5,7,"Freshman",5,1,85,3,6,59,52,2,"hundreds",50
"female",66,140,7,20,"Junior",5,2,100,50,7.5,47,49,5,"few",50
"female",66,138,8,13,"Freshman",1,1,95,95,7,49,61,2,"few",25
"male",74,200,13,6,"Freshman",6,3,105,6,8,53,57,7,"few",50
"female",63,126,9,4,"Freshman",4,2,85,0,6.5,46,54,7,"few",75
"female",60,120,7,25,"Senior",3,1,90,1,7,48,47,4,"one",80
"female",62,115,7.5,20,"Freshman",1,1,80,5,6.5,54,51,1,"few",50
"female",65,135,7.5,10,"Junior",6,2,92,11,6.5,39,40,4,"one",6
"female",66,130,7.5,11,"Senior",1,1,90,8,6.5,50,54,4,"one",5
"female",62,111,7.5,12,"Freshman",1,0,90,20,7.5,49,54,1,"one",40
"female",64,128,6.5,10,"Freshman",2,1,80,25,8,45,55,3,"hundreds",20
"female",65,120,8.5,20,"Freshman",5,2,85,100,8,48,49,7,"few",90
"female",64,116,7,10,"Freshman",2,0,80,300,7,50,53,6,"few",70
"female",68,130,8.5,10,"Freshman",1,0,20,10,8,43,49,6,"millions",10
"male",70,155,11,3,"Freshman",2,1,105,3,7,51,55,9,"dozens",10
"male",68,153,10,6,"Freshman",10,9,100,3,9,52,59,7,"few",80
"female",67,165,9.5,10,"Freshman",6,2,85,16,7,56,58,3,"few",97
"female",67,135,8.5,20,"Sophomore",1,2,90,21,7.5,55,54,3,"few",25
"male",74,195,12.5,5,"Freshman",2,1,85,100,5,48,50,1,"one",10
"male",66,175,9.5,3,"Freshman",0,2,90,110,8.5,51,51,5,"few",50
"female",64,120,7.5,12,"Senior",0,2,80,13,8,43,48,2,"hundreds",100
"female",65,125,8,10,"Freshman",5,2,100,0,8,51,52,4,"hundreds",50
"female",61,134,8.5,6,"Freshman",0,1,40,5,6,43,46,2,"few",100
"male",69,193,12,5,"Freshman",3,3,90,21,6,56,52,6,"few",50
"male",71,175,12,12,"Sophomore",5,2,102,50,6,52,50,4,"thousands",100
"female",61,130,7.5,20,"Freshman",1,1,75,150,9.5,44,47,9,"millions",80
"female",67,130,8,20,"Freshman",2,2,90,200,10,50,50,5,"one",100
"female",67,129,11,19,"Freshman",2,1,95,30,7,36,37,6,"one",100
"female",62,114,8.5,15,"Freshman",0,1,70,65,7,48,53,7,"one",75
"female",66,123,10,22,"Freshman",1,0,90,0,7.5,47,45,6,"few",50
"male",72,270,13.5,2,"Sophomore",2,3,60,11,7,45,50,9,"few",50
"male",75,250,12.5,4,"Sophomore",0,1,90,1,8,56,55,5,"few",75
"male",73,175,9,5,"Freshman",0,1,100,150,7.5,51,52,9,"few",30
"male",76,185,12.5,11,"Freshman",3,3,110,8,6.5,54,54,2,"hundreds",100
"female",67,115,8,8,"Senior",4,1,105,0,7,47,50,6,"few",10
"female",63,128,7.5,7,"Sophomore",1,2,95,60,7.5,52,51,2,"few",0
"female",66,125,8,11,"Freshman",1,1,85,200,10,56,57,6,"one",45
"male",70,177,10,6,"Freshman",0,0,124,0,6.5,49,51,7,"few",50
"female",68,129,10,30,"Freshman",1,1,90,200,7,47,49,8,"few",25
"female",63,105,7.5,20,"Freshman",3,3,90,105,8,55,54,4,"few",100
"male",69,160,9.5,6,"Freshman",4,2,130,14,8,47,49,9,"few",40
"male",67,170,9,2,"Freshman",7,3,80,45,7,45,52,10,"millions",25
"female",63,112,6,30,"Freshman",2,1,50,120,6,40,42,6,"few",45
"male",69,156,9.5,8,"Junior",2,2,115,0,7.5,48,51,4,"few",75
"male",72,210,12,4,"Junior",3,1,100,32,7,45,43,9,"one",90
"female",62,138,8,9,"Freshman",0,1,60,85,7,50,53,4,"few",100
"male",67,120,7.5,5,"Freshman",2,4,70,0,6.5,40,42,9,"one",50
"male",73,165,9.5,3,"Freshman",2,1,79,25,7,43,42,7,"few",50
"male",72,235,12,6,"Junior",8,0,180,6,4,65,65,8,"one",100
"female",64,120,7.5,14,"Sophomore",4,2,100,0,4.5,55,55,1,"dozens",50
"male",70,200,12,2,"Freshman",7,3,90,10,8,51,46,7,"thousands",50
"male",70,134,11.5,5,"Sophomore",2,2,100,120,7,52,54,3,"hundreds",75
"male",75,230,14,6,"Sophomore",12,1,127,50,6,46,46,7,"dozens",100
"female",67,120,7,37,"Freshman",0,1,104,72,7,50,50,1,"few",25
"female",63,142,9,10,"Sophomore",0,4,100,20,7,55,57,7,"one",75
"female",66,135,8.5,15,"Sophomore",2,2,90,16,8,59,65,7,"few",50
"male",68,145,10.5,4,"Freshman",2,1,90,20,6.5,54,54,1,"dozens",95
"male",69,120,9.5,5,"Freshman",3,1,85,24,8,51,53,8,"dozens",100
"male",68,138,8.5,5,"Junior",2,1,135,500,6.5,43,44,8,"dozens",30
"male",72,150,11,20,"Freshman",20,1,100,1,7,52,50,3,"one",100
"male",74,198,11.5,5,"Freshman",1,0,55,120,7,44,47,7,"few",50
"female",65,140,9,10,"Sophomore",5,1,90,10,7,47,51,9,"few",45
"female",62,118,6,8,"Freshman",1,3,85,3,7,51,51,8,"one",50
"female",65,216,10.5,13,"Freshman",10,2,85,0,7.5,43,42,4,"few",30
"female",60,140,6,13,"Freshman",8,2,50,10,6.5,45,44,3,"few",65
"female",64,140,8.5,16,"Freshman",2,1,60,22,7,53,53,2,"few",75
"female",65,165,9.5,20,"Freshman",1,1,80,5,8,55,57,2,"millions",75
"male",69,155,9.5,11,"Freshman",2,2,95,20,5.5,50,58,3,"few",100
"female",63,125,6.5,9,"Freshman",7,3,95,0,8,49,49,3,"one",75
