"Availability","Section","Bonus","HWavg","Exam1","Exam2","Exam3","Final"
"Yes","STAT_100_L2","94.07778","96.04","88","82","89","90"
"Yes","STAT_100_L2","81.46667","97.87","92","96.5","97","94"
"Yes","STAT_100_L1","93.76984","95.11","72","78","83","64"
"Yes","STAT_100_ONL","95.77778","99.85","100","98.5","96","99"
"Yes","STAT_100_L2","57.11905","92.88","83","89.5","92","79"
"Yes","STAT_100_L1","18.66666","58.18","81","81.5","88.5","96"
"Yes","STAT_100_L2","82.39047","91.32","66","69.5","64","57"
"Yes","STAT_100_L2","98.77778","99.84","97","93","100","96"
"Yes","STAT_100_L2","29.77778","47.39","54","68.5","71","57"
"Yes","STAT_100_ONL","14.42857","85.58","85","76","75","72"
"Yes","STAT_100_L1","91.4","99.36","96","98.5","96","98"
"Yes","STAT_100_L1","22.86348","53.19","77","59.5","49","59"
"Yes","STAT_100_L1","79.24444","93.54","82","86","88","84"
"Yes","STAT_100_ONL","28.60318","97.53","83","86.5","88","92"
"Yes","STAT_100_ONL","95.92223","98.48","87","92","98","89"
"Yes","STAT_100_L1","50.91666","98.08","96","97","92","96"
"Yes","STAT_100_L1","56.0754","97.46","86","87.5","93","89"
"Yes","STAT_100_L2","97.6508","98.99","87","74.5","77","80"
"Yes","STAT_100_L2","95.88889","94.52","77","86","93","89"
"Yes","STAT_100_L2","75.81905","96.46","95","72.5","93","93"
"Yes","STAT_100_L2","79.26985","99.3","96","98","97","98"
"Yes","STAT_100_ONL","63.1","64.82","91","91","82","92"
"Yes","STAT_100_L2","49.06349","63.55","72","71","69.5","42"
"Yes","STAT_100_L2","72.34286","82.46","89.5","61","87","82"
"Yes","STAT_100_L2","67.44444","98.89","98","87.5","96","91"
"Yes","STAT_100_ONL","60.11111","94.4","78","75","76","76"
"Yes","STAT_100_L2","41.39206","85.95","85","68","71","65"
"Yes","STAT_100_L2","95.2508","95.24","84","84.5","89","87"
"Yes","STAT_100_L1","90.96667","96.79","53","69","70","59"
"Yes","STAT_100_ONL","87.02064","88.52","90","96.5","100","92"
"Yes","STAT_100_L1","89.95873","97.19","77","80","87","76"
"Yes","STAT_100_L2","94.73334","97.87","89","84","93","96"
"Yes","STAT_100_ONL","78.12064","74.02","78","62","81","62"
"Yes","STAT_100_ONL","20.8","100","100","96.5","100","99"
"Yes","STAT_100_ONL","55","100","90","99","98","98"
"Yes","STAT_100_ONL","93.44445","98.68","90","90.5","90","82"
"Yes","STAT_100_ONL","6","96.46","92","70","80.5","78"
"Yes","STAT_100_ONL","45","98.36","74","76","89","79"
"Yes","STAT_100_L1","84.55556","98.13","94","92.5","91","94"
"Yes","STAT_100_ONL","93.11746","94.87","91","96.5","80","88"
"Yes","STAT_100_L2","99.49207","97.91","92","93","94","91"
"Yes","STAT_100_L1","17.19444","14.79","90","80.5","80","81"
"Yes","STAT_100_L2","90.4127","98.56","92","95.5","86","89"
"Yes","STAT_100_L2","80","99.54","98","98.5","98","94"
"Yes","STAT_100_ONL","60","86.5","84","68.5","83","79"
"Yes","STAT_100_ONL","72.46667","83.85","92","90","96","93"
"Yes","STAT_100_ONL","21","99.54","100","95.5","96","95"
"Yes","STAT_100_ONL","35.97778","98.73","93","97","96","95"
"Yes","STAT_100_ONL","90.95715","99.06","87","75.5","81","80"
"Yes","STAT_100_ONL","85.45873","96.93","87","90","89","93"
"Yes","STAT_100_L2","89.44444","96","78","54","87","78"
"Yes","STAT_100_L2","41.55556","35.42","81","74","67.5","65"
"Yes","STAT_100_ONL","74.66667","97.98","94","81","87","93"
"Yes","STAT_100_L2","99.49207","99.38","95","88.5","96","91"
"Yes","STAT_100_L1","91.26984","94.19","45","57","68","56"
"Yes","STAT_100_L1","14.72222","92.48","87","92","90","91"
"Yes","STAT_100_ONL","85.57937","94.05","90","90","78","91"
"Yes","STAT_100_ONL","92.76985","97.65","94","99","93","92"
"Yes","STAT_100_L2","97.54445","95.5","84","72","78","82"
"No","STAT_100_ONL","0","0","","","",""
"Yes","STAT_100_L2","73.20159","83.14","60","46.5","49","63"
"Yes","STAT_100_L1","76.24207","86.02","90","86","93","85"
"Yes","STAT_100_ONL","93.80239","94.08","86","86","88","93"
"Yes","STAT_100_L2","91.71429","99.68","89","91","98","90"
"Yes","STAT_100_L2","76.34286","78.11","77","60.5","57","59"
"Yes","STAT_100_L2","61.05556","98.48","94","94.5","98","85"
"Yes","STAT_100_ONL","100","99.68","94","86.5","93","97"
"Yes","STAT_100_ONL","48.57778","98.11","90","95","95","88"
"Yes","STAT_100_L1","93.98255","94.98","84","88","87","87"
"Yes","STAT_100_L1","100","98.13","88","88.5","96","89"
"Yes","STAT_100_L1","55.05556","61.59","92","82","79","84"
"Yes","STAT_100_L1","93.86667","96.34","80","88.5","89","95"
"Yes","STAT_100_ONL","97.66667","98.83","74","84.5","85","94"
"Yes","STAT_100_L2","88.72699","98.46","92","91","97","91"
"Yes","STAT_100_L2","91.9008","95.22","52","65.5","67","73"
"Yes","STAT_100_L1","90.47619","98.7","89","79.5","89","91"
"Yes","STAT_100_L2","68.55874","98.11","50","71.5","91","90"
"Yes","STAT_100_L2","79.32858","91.67","95","96.5","91","94"
"Yes","STAT_100_ONL","79.66667","99.02","96","96.5","98","98"
"Yes","STAT_100_L2","97.38414","96.34","88","89.5","90","91"
"Yes","STAT_100_L2","23.06667","46.59","89","74","61","61"
"Yes","STAT_100_L2","88.18096","97.96","89","90","87","84"
"Yes","STAT_100_L2","75.61111","96.5","78","70.5","54.5","61"
"Yes","STAT_100_L2","95.03969","94.56","65","62","72","66"
"Yes","STAT_100_L2","63.05555","93.55","87","80","77","84"
"Yes","STAT_100_L1","79.77778","91.55","91","82","82","89"
"Yes","STAT_100_L2","97.61112","97.71","88","76.5","76","71"
"Yes","STAT_100_L2","57.94445","98.36","90","89","95","89"
"Yes","STAT_100_L2","87","99.39","94","92","100","80"
"Yes","STAT_100_ONL","27.67461","87.05","70","67.5","80","58"
"Yes","STAT_100_ONL","52.77778","98.17","100","96.5","93","96"
"Yes","STAT_100_L2","75.31271","98.98","81","88","93","88"
"Yes","STAT_100_ONL","75.66667","94.08","92","94","100","98"
"Yes","STAT_100_ONL","46.29207","98.18","98","91.5","94","81"
"Yes","STAT_100_ONL","73.98413","90.45","74","80.5","94","89"
"Yes","STAT_100_L2","93.15874","96.74","90","81","76","84"
"Yes","STAT_100_ONL","28.10475","92.02","32","36","39","46"
"Yes","STAT_100_ONL","53.77778","99.05","88","88","93","92"
"Yes","STAT_100_L2","93","100","100","85","92","93"
"Yes","STAT_100_L2","22","26.37","50","58","0","0"
"Yes","STAT_100_L2","54.37778","93.43","94","72","90","79"
"Yes","STAT_100_ONL","94.43651","99.2","88","88.5","82","84"
"Yes","STAT_100_L2","28.66667","83.02","77","80.5","85","77"
"Yes","STAT_100_L1","10.28333","85.77","72","65","54","65"
"Yes","STAT_100_L1","31.47222","100","93","96.5","98","97"
"Yes","STAT_100_L1","68.08333","97.43","94","90","91","95"
"Yes","STAT_100_L2","75.94286","99.19","98","97.5","100","85"
"Yes","STAT_100_L1","72.40079","92.55","94","87.5","93","91"
"Yes","STAT_100_ONL","61.33334","96.64","92","91","92","97"
"Yes","STAT_100_ONL","66.22222","76.21","88","81.5","88","89"
"Yes","STAT_100_L2","22.31747","92.92","92","83.5","91","73"
"Yes","STAT_100_ONL","35.63492","90.54","77","80.5","85","84"
"Yes","STAT_100_L2","79.48413","90.58","66","73.5","82","68"
"Yes","STAT_100_L2","83.42857","99.21","96","99.5","96","97"
"Yes","STAT_100_L1","57.83333","94.43","74","72.5","88","66"
"Yes","STAT_100_L1","17.72222","33.49","87","60","78","62"
"Yes","STAT_100_L1","97.03889","97.4","88","81","93","92"
"Yes","STAT_100_L2","82.41111","96.31","73","80","77","83"
"Yes","STAT_100_ONL","90.88096","99","89","90","89","89"
"Yes","STAT_100_L2","89.16509","95.18","96","87.5","88","97"
"Yes","STAT_100_ONL","41.25081","95.15","84","69","93","89"
"Yes","STAT_100_ONL","18.20635","97","89","74","92","88"
"Yes","STAT_100_ONL","99.61111","98.93","96","96","96","92"
"Yes","STAT_100_L2","88.6508","98.26","95","91.5","96.5","98"
"Yes","STAT_100_ONL","94.03175","98.17","83","75.5","94.5","90"
"Yes","STAT_100_L2","71.76983","95.34","92","59.5","81","73"
"Yes","STAT_100_ONL","0","9.65","57","35.5","46",""
"Yes","STAT_100_L2","86.32382","97.2","86","81","98","89"
"Yes","STAT_100_L2","52.99682","73.22","60","68.5","79","77"
"Yes","STAT_100_ONL","44.26666","97.32","97","93","93","95"
"Yes","STAT_100_L2","92.93333","98.2","72","57","96","67"
"Yes","STAT_100_ONL","91.05556","94.15","86","79.5","89","91"
"Yes","STAT_100_L1","91.32777","95.46","88","65.5","64.5","72"
"Yes","STAT_100_ONL","44.92381","97.26","86","96.5","93","89"
"Yes","STAT_100_L2","94.75873","95.25","88","69.5","84","76"
"Yes","STAT_100_L2","97.45397","99.36","99","97.5","95","90"
"Yes","STAT_100_L2","77.05397","85.31","72","64.5","85","66"
"Yes","STAT_100_L2","10","65.29","76","71.5","46","74"
"Yes","STAT_100_ONL","4","90.86","90.5","90.5","88","84"
"Yes","STAT_100_L1","73.23015","82.19","74","60","88","76"
"Yes","STAT_100_L2","92.76985","98.22","87","83","90","89"
"Yes","STAT_100_L1","95.6","98.58","90","77.5","81","87"
"Yes","STAT_100_L2","88.49683","94.62","68","66.5","79","56"
"Yes","STAT_100_L1","38.21429","88.08","78","75","64","72"
"Yes","STAT_100_L1","61.21111","96.91","61","79","86","73"
"Yes","STAT_100_L2","88.71429","99.34","99","91.5","95","91"
"Yes","STAT_100_L1","24.79762","96.13","92","91","85","91"
"Yes","STAT_100_L1","71.30555","97.26","82","89.5","95","81"
"Yes","STAT_100_L1","76.13889","99","68","56","68","60"
"Yes","STAT_100_ONL","84.63333","97.88","91","84","95","91"
"Yes","STAT_100_ONL","70","77.92","67","62","56.5","53"
"Yes","STAT_100_L2","90","98.92","94","83","94","86"
"Yes","STAT_100_L1","82.43333","94.61","70","63","75","69"
"Yes","STAT_100_L1","94.38888","98.1","85","75","83","78"
"Yes","STAT_100_L2","55.00001","71.07","74","53","66","72"
"Yes","STAT_100_L2","95.83333","98.09","82","80.5","94","85"
"Yes","STAT_100_ONL","70.55555","67.6","80","88.5","87","81"
"Yes","STAT_100_ONL","99.42857","99.08","94","98.5","94","95"
"Yes","STAT_100_L1","48.20318","80.13","63","35.5","66.5","49"
"Yes","STAT_100_ONL","35.13492","98.51","94","91","97","94"
"Yes","STAT_100_ONL","76.45397","84.94","80","70","85","74"
"Yes","STAT_100_L2","75.01429","97.08","92","81","93","74"
"Yes","STAT_100_L1","56.66111","81.75","73","73","75","80"
"Yes","STAT_100_ONL","89.47303","94.91","88","81","77","88"
"Yes","STAT_100_L1","87.77778","91.24","90","77","83","88"
"Yes","STAT_100_L1","23.05555","50.36","90","77","80","79"
"Yes","STAT_100_L1","65","99.19","86.5","76","81","93"
"Yes","STAT_100_L2","71.5","98.26","92","97","93","95"
"Yes","STAT_100_L1","92","96.56","83","77","91","67"
"Yes","STAT_100_L2","97.57143","99.53","95","86.5","96","97"
"Yes","STAT_100_L2","78","89.58","91","83","91","92"
"Yes","STAT_100_L2","96.81746","97.39","89","89","97","97"
"Yes","STAT_100_L1","81.08731","96.37","93","83","92","98"
"Yes","STAT_100_ONL","94.27778","98.7","89","82.5","84","85"
"Yes","STAT_100_L1","85.90635","94.96","85","88","92","92"
"Yes","STAT_100_ONL","11.1492","66.77","61","58.5","",""
"Yes","STAT_100_L1","61.86746","77.37","52.5","56.5","55","52"
"Yes","STAT_100_L1","44.83333","98.28","98","94.5","98","94"
"Yes","STAT_100_L2","61.06667","80.9","92","80","88.5","80"
"Yes","STAT_100_ONL","56.09047","54.95","58","79","90","58"
"Yes","STAT_100_ONL","12","99.08","99","96.5","99.5","97"
"Yes","STAT_100_L1","90.63333","95.2","55","78","77","78"
"No","STAT_100_L1","74.10318","93.2","54","47.5","75",""
"Yes","STAT_100_L1","87.94444","95.83","86","75.5","91","90"
"Yes","STAT_100_ONL","94.75556","97.63","100","93","90","96"
"Yes","STAT_100_ONL","87.81746","98.14","92","89.5","89","92"
"Yes","STAT_100_L1","74.74444","80.09","85","80","86","85"
"Yes","STAT_100_L2","92.33175","93.55","84","64.5","69","75"
"Yes","STAT_100_L1","73.71111","73.31","59","63","67","58"
"Yes","STAT_100_ONL","12.89206","85.04","74","64.5","82","67"
"Yes","STAT_100_L2","57.77302","82.07","80","76","76","78"
"Yes","STAT_100_L1","37.4389","93.77","83","95","98","85"
"Yes","STAT_100_L1","67.45556","88.1","86","79","81","81"
"Yes","STAT_100_L2","92.06192","90.82","59","54","56","56"
"Yes","STAT_100_L1","34.88889","42.86","85","55","88","69"
"Yes","STAT_100_ONL","63.77778","86.32","91","84","82","88"
"Yes","STAT_100_L1","57.33333","97.43","88","83","91","88"
"Yes","STAT_100_ONL","91.11111","97.33","96","95","77","91"
"Yes","STAT_100_L1","76.01985","60.19","88","73","74.5","67"
"Yes","STAT_100_ONL","93.11111","98.86","86","69.5","64","83"
"Yes","STAT_100_L2","73.02541","96.91","92","85","83","92"
"Yes","STAT_100_ONL","90.03968","98.69","96","96","98","97"
"Yes","STAT_100_L1","94.66508","96.19","75","82.5","76","69"
"Yes","STAT_100_L2","60.88889","98.74","88","86.5","95","97"
"Yes","STAT_100_L2","22.31111","75.67","48","0","78","68"
"Yes","STAT_100_ONL","74.1","91.76","95","88.5","100","91"
"Yes","STAT_100_ONL","97.65873","93.42","60","59","92","60"
"Yes","STAT_100_L2","62.38096","91.79","78","89.5","87","95"
"Yes","STAT_100_L1","55","98.88","92","86.5","98","97"
"Yes","STAT_100_ONL","76.61111","86.39","90","79.5","87","72"
"Yes","STAT_100_ONL","93.65239","82.28","83","63","82","68"
"Yes","STAT_100_ONL","20","86.32","59","53","64","53"
"Yes","STAT_100_ONL","74.17938","94.7","58","67.5","79","57"
"Yes","STAT_100_L1","73.70555","95.6","64","65.5","71","72"
"Yes","STAT_100_ONL","8","74.47","88","81","87","76"
"Yes","STAT_100_ONL","76.75556","98.38","80","92.5","95","89"
"Yes","STAT_100_L2","78.42858","96.44","90","91.5","70","96"
"Yes","STAT_100_L1","94.01429","98.35","87","95","92","98"
"Yes","STAT_100_L1","83.47223","96.47","77","76.5","90.5","91"
"Yes","STAT_100_L2","80","91.41","57","56","88","81"
"Yes","STAT_100_L2","82.74604","90.26","81","76","81","82"
"Yes","STAT_100_ONL","98.66667","99.24","78","96.5","94","96"
"Yes","STAT_100_L2","95.30001","97.33","69","78.5","85","82"
"Yes","STAT_100_L1","44.40793","88.1","86","73","34","65"
"Yes","STAT_100_ONL","92.86667","97.45","80","86","94.5","97"
"Yes","STAT_100_L2","47.21429","96.22","88","96","90","86"
"Yes","STAT_100_L2","85.33334","96.58","94","86","91","91"
"Yes","STAT_100_L1","29.27777","98.24","84","79.5","85","84"
"Yes","STAT_100_ONL","65.24444","25.57","80","64","81","74"
"Yes","STAT_100_ONL","42.22222","90.6","90","92.5","92","82"
"Yes","STAT_100_ONL","50.03651","88.39","82","72","89","80"
"Yes","STAT_100_L2","69.60952","92.06","85","90","86","92"
"Yes","STAT_100_ONL","91.63492","98.03","91","89.5","89","94"
"Yes","STAT_100_L2","97.77778","99.85","95","95.5","96","93"
"Yes","STAT_100_L1","64.49999","63.14","44","42","60","47"
"Yes","STAT_100_L2","56.80318","87.44","71","56.5","82","63"
"Yes","STAT_100_L1","66.5","88.07","96","93.5","96","80"
"Yes","STAT_100_L1","65","99.01","83","74","77","68"
"Yes","STAT_100_ONL","62.92222","96.45","75","88.5","79","81"
"Yes","STAT_100_L2","82.04762","98.2","91","89","87","86"
"Yes","STAT_100_L1","94.77619","96.4","89","83.5","86","94"
"Yes","STAT_100_L2","99.33333","98.76","90","89.5","80","93"
"Yes","STAT_100_ONL","60.33333","85.08","93","84","91","95"
"Yes","STAT_100_ONL","96.63969","96.51","93","99","91","97"
"Yes","STAT_100_ONL","82.34921","97.13","90","74","82","88"
"Yes","STAT_100_L2","66","97.2","80","84","94","88"
"Yes","STAT_100_ONL","80.14445","97.42","82","90.5","87","89"
"Yes","STAT_100_ONL","99.57778","97.87","94","95.5","94","99"
"Yes","STAT_100_ONL","0","90.95","70","73","75","75"
"Yes","STAT_100_L2","55","73.53","96","86.5","97","93"
"Yes","STAT_100_L1","82.62301","67.82","100","95.5","94","98"
"Yes","STAT_100_L1","98.38889","98.6","83","80.5","89","86"
"Yes","STAT_100_ONL","31.66349","88.41","90","92","78","78"
"Yes","STAT_100_L2","73.40318","90.12","87","80","98","83"
"Yes","STAT_100_L1","62.45318","82.2","84","81.5","83","86"
"Yes","STAT_100_L1","88.32541","96.18","83","87.5","84","85"
"Yes","STAT_100_L1","53.38888","97.51","92","81.5","93","80"
"Yes","STAT_100_ONL","88.55556","97.48","92","93","94","98"
"Yes","STAT_100_L1","89.59762","95.56","63","51","62","49"
"Yes","STAT_100_ONL","85.91748","93.09","73","75.5","82","73"
"Yes","STAT_100_ONL","99.71429","99.09","100","96.5","93","96"
"Yes","STAT_100_L2","96.33334","98.56","97","94.5","76","91"
"Yes","STAT_100_ONL","88.24445","95.8","84","75.5","91","84"
"Yes","STAT_100_L1","99.3254","99.38","97","96","98","99"
"Yes","STAT_100_L1","86.41111","98.45","94","88","89.5","90"
"Yes","STAT_100_L2","86.94445","95.05","87","82","89","80"
"Yes","STAT_100_ONL","28.7508","83.7","62","56.5","61","81"
"Yes","STAT_100_L1","92.33333","99.68","96","97.5","98","100"
"Yes","STAT_100_L1","78.98414","96.33","87","64","86","88"
"Yes","STAT_100_L2","33.83333","52.88","51","52.5","63","50"
"Yes","STAT_100_L2","56","83.33","77","61.5","91","83"
"Yes","STAT_100_L2","58.55556","97.43","87","86","97","87"
"Yes","STAT_100_ONL","21.75556","75","86","64.5","73","53"
"Yes","STAT_100_ONL","72.02223","93.36","90","95","94","96"
"Yes","STAT_100_L1","60.36111","99.83","100","97","100","94"
"Yes","STAT_100_L2","78.22699","87.35","65","58.5","74","74"
"Yes","STAT_100_L2","57.1746","91.72","92","81","80","89"
"Yes","STAT_100_L1","98","99.07","85","87","91","91"
"Yes","STAT_100_ONL","62","92.98","85","85.5","89","81"
"Yes","STAT_100_ONL","97","99.23","97","93.5","89","96"
"Yes","STAT_100_L2","65.06826","95.06","69","69","83","69"
"Yes","STAT_100_L2","84.33334","84.26","67","50","62","56"
"Yes","STAT_100_L1","45.44444","71.69","60","59.5","74","78"
"Yes","STAT_100_L1","72.61111","99.38","94","87","93","94"
"Yes","STAT_100_ONL","97.16666","99.67","93","91","100","98"
"Yes","STAT_100_ONL","1.4","89.86","96","96.5","98","99"
"Yes","STAT_100_L2","39.15874","96.38","85","0","81.5","69"
"Yes","STAT_100_ONL","99.5","98.92","88","88.5","91","90"
"Yes","STAT_100_L1","81.09127","91.37","68","80.5","89","87"
"Yes","STAT_100_L1","93.77778","99.53","97","92.5","98","91"
"Yes","STAT_100_ONL","4","58.36","52","48.5","55","49"
"Yes","STAT_100_ONL","79.6","96.18","84","85","92","85"
"Yes","STAT_100_L1","98.83333","98","68","68.5","62","68"
"Yes","STAT_100_L1","55.08412","78.71","85","64.5","74","62"
"Yes","STAT_100_L2","90.77778","99.66","91","94.5","88","100"
"Yes","STAT_100_ONL","4","93.55","84","88.5","86","75"
"Yes","STAT_100_L1","95.71429","98.02","75","71.5","93","85"
"Yes","STAT_100_L1","84.21111","97.1","82","85.5","90","81"
"Yes","STAT_100_L2","74.88889","78.21","67","72.5","87","77"
"Yes","STAT_100_ONL","95.69207","99.05","97","95","93","98"
"Yes","STAT_100_L2","97.98414","96.75","80","89","95","85"
"Yes","STAT_100_L1","44.68889","98.33","94.5","94","95","96"
"Yes","STAT_100_L2","83.30159","97.59","96","98","89","90"
"Yes","STAT_100_L1","83.43333","87.83","63","74.5","67","69"
"Yes","STAT_100_ONL","99.41429","97.3","95","96.5","91","92"
"Yes","STAT_100_ONL","80.21746","93.47","85","50","84","64"
"Yes","STAT_100_L1","82.94444","92.67","97","81.5","84","95"
"Yes","STAT_100_L1","48.81985","98.09","100","97.5","96","88"
"Yes","STAT_100_L2","87.13176","95.87","91.5","81","81","81"
"Yes","STAT_100_ONL","54.19207","98.78","97","97","100","83"
"Yes","STAT_100_L1","95.80555","98.77","93","94","96","94"
"Yes","STAT_100_L2","98.57778","99.39","79","78.5","99","94"
"Yes","STAT_100_L2","79.38096","97.6","83","64","78","74"
"Yes","STAT_100_ONL","0","10.88","77","","",""
"Yes","STAT_100_L1","62.91667","88.8","95","92","92","95"
"Yes","STAT_100_L2","3","0","70","67.5","0","0"
"Yes","STAT_100_L2","88.87302","96.1","96","95","96","94"
"Yes","STAT_100_ONL","6.70635","75.64","87","84","67.5","82"
"Yes","STAT_100_L2","88.40476","97.26","93.5","89","84","93"
"Yes","STAT_100_L1","95.2889","99.38","89","88","81","88"
"Yes","STAT_100_ONL","85.2762","96.82","96","98.5","93","97"
"Yes","STAT_100_L1","96.51192","94.65","82","82","87","85"
"Yes","STAT_100_L2","84.91111","98.29","84","93","86","95"
"Yes","STAT_100_L2","100","99.84","97","85.5","91","94"
"Yes","STAT_100_L1","24.11111","86.07","86","76","95","83"
"Yes","STAT_100_L2","30.85556","68.53","87","81","91","75"
"Yes","STAT_100_L1","63.63254","65.3","83","64","93","79"
"No","STAT_100_ONL","0","0","","","",""
"Yes","STAT_100_L2","35.38571","98.59","84","94","90","77"
"Yes","STAT_100_L1","60.19444","92.98","100","90.5","87","93"
"Yes","STAT_100_L2","40","97.18","92","96.5","93","86"
"Yes","STAT_100_L2","98.29207","97.47","93","88","88","95"
"Yes","STAT_100_L2","99.27778","99.22","94","93.5","96","92"
"Yes","STAT_100_ONL","96.08335","98.06","86","85.5","98","96"
"Yes","STAT_100_L2","97.77778","99.07","92","83.5","93","87"
"Yes","STAT_100_L2","91.35716","92.86","77","73","71","81"
"Yes","STAT_100_ONL","78.86667","96.82","86","94","92","96"
"Yes","STAT_100_L1","99.71429","99.84","93","97.5","94","94"
"Yes","STAT_100_ONL","17","96.28","85","75.5","88","77"
"Yes","STAT_100_ONL","88.26985","98.64","96","92.5","90","100"
"Yes","STAT_100_L2","99.51429","98.75","99","92.5","95","93"
"Yes","STAT_100_L1","85.02777","69.94","88","60","94","75"
"Yes","STAT_100_ONL","96.1873","94.75","90","71","87","83"
"Yes","STAT_100_L1","78.74444","98.9","100","96","94","89"
"Yes","STAT_100_L1","32.58332","79.03","89","76.5","80","80"
"Yes","STAT_100_L1","46.44444","79.42","80","76.5","82","64"
"Yes","STAT_100_L2","91.13175","99.38","63","69.5","81","86"
"Yes","STAT_100_L2","68.8889","99.51","86","95.5","98","94"
"Yes","STAT_100_ONL","82.66667","98.25","74","76.5","84","75"
"Yes","STAT_100_L2","96.35556","98.37","77","65.5","83","84"
"Yes","STAT_100_ONL","61","97.41","88","90.5","91","90"
"Yes","STAT_100_L2","82.61111","98.54","88","84.5","90","91"
"Yes","STAT_100_L2","76.95556","89.45","72","61","83","72"
"Yes","STAT_100_L1","80.46824","83.09","93","83","86","87"
"Yes","STAT_100_L1","81.45158","91.36","62","54.5","69","57"
"Yes","STAT_100_L1","79.52777","96.54","88","85.5","86","81"
"Yes","STAT_100_L1","74.66666","98.67","99","99.5","100","97"
"Yes","STAT_100_L2","99.71429","99.36","95","88.5","93","94"
"Yes","STAT_100_L1","100","99.54","94","93","97","97"
"Yes","STAT_100_ONL","87.22223","98.42","86","93","89","91"
"Yes","STAT_100_ONL","74.63809","85.49","87","82.5","76","67"
"Yes","STAT_100_ONL","77.33889","90.85","72","66.5","78","83"
"Yes","STAT_100_L1","58.96111","93.25","65","72.5","80","67"
"Yes","STAT_100_L2","94.11111","99.52","87","83","89","89"
"Yes","STAT_100_L2","3","32.74","74","68","65","69"
"Yes","STAT_100_L1","86.5","99.09","75","51.5","71","64"
"Yes","STAT_100_L2","91.72064","95.54","85","83.5","93","76"
"Yes","STAT_100_L1","70.37699","97.75","96","93","91","90"
"Yes","STAT_100_L1","57.77778","95.72","82","52.5","70","70"
"Yes","STAT_100_L2","93.12541","96.72","60","59","65","65"
"Yes","STAT_100_L1","48.94444","86.36","71","76.5","66","64"
"Yes","STAT_100_L1","98.27302","98.56","93","85","79","94"
"Yes","STAT_100_L2","76.22223","81.86","90","79.5","83","64"
"Yes","STAT_100_L1","50.13096","98.39","92","90.5","95","85"
"Yes","STAT_100_L2","80.55874","95.15","78","86","86","86"
"Yes","STAT_100_ONL","74.64444","96.23","99","87","87","87"
"Yes","STAT_100_L1","73.69048","82.21","71","53","81","82"
"Yes","STAT_100_ONL","78.16667","94.82","95","92","82","91"
"Yes","STAT_100_ONL","79.8","96.89","92","92.5","93","95"
"Yes","STAT_100_L2","85.44763","91.29","54","59","80","55"
"Yes","STAT_100_ONL","83.14286","88.56","88","93","88","86"
"Yes","STAT_100_L2","82.46033","98.36","57","85","80","85"
"Yes","STAT_100_L1","38.72222","16.58","74","71.5","65","64"
"Yes","STAT_100_ONL","74.02541","91.82","66","79.5","71","78"
"Yes","STAT_100_L1","96.32223","97.51","87","94","89","94"
"Yes","STAT_100_L2","82.91111","96.15","90","83","89","80"
"Yes","STAT_100_L1","61.57777","74.49","91","91.5","91","82"
"Yes","STAT_100_L2","79","99.83","96","92.5","96","94"
"Yes","STAT_100_ONL","54.77778","97.62","83","93","100","98"
"Yes","STAT_100_ONL","100","100","100","98.5","100","99"
"Yes","STAT_100_L2","65","99.53","98","84.5","92","80"
"Yes","STAT_100_ONL","87.00793","96.18","94","81.5","81","79"
"Yes","STAT_100_L1","95.55556","97.77","95","91","95","92"
"Yes","STAT_100_ONL","28.05556","91.21","90","82","92","93"
"Yes","STAT_100_L1","73.30319","97.55","91","75.5","89","82"
"Yes","STAT_100_L2","98.13333","99.51","93","95","98","90"
"Yes","STAT_100_L1","94.40318","97.59","85","78","79.5","78"
"Yes","STAT_100_L1","80.06746","93.91","88","87","94","89"
"Yes","STAT_100_ONL","40.14446","71.89","75","65","63","70"
"Yes","STAT_100_ONL","88.84763","94.7","90","83","88","100"
"Yes","STAT_100_L2","99.83333","99.69","97","78","94","96"
"Yes","STAT_100_L2","58.22223","97.78","85","86","84","85"
"Yes","STAT_100_L2","75.88096","86.7","62","57","84","65"
"Yes","STAT_100_L1","61.04207","98.76","100","96.5","100","98"
"Yes","STAT_100_L2","79.77778","98.37","86","91","98","97"
"Yes","STAT_100_L1","42.41667","98.27","89","91","96","84"
"Yes","STAT_100_ONL","87.86667","99.53","92","93","96","90"
"Yes","STAT_100_ONL","92.84763","97.54","88","82.5","89","87"
"Yes","STAT_100_ONL","99.49207","96.73","98","94","92","90"
"Yes","STAT_100_L1","76.16667","99.69","88","95","100","98"
"Yes","STAT_100_ONL","98.88889","97.36","81","87.5","90","94"
"Yes","STAT_100_ONL","95.34603","93.11","84","85.5","84","85"
"Yes","STAT_100_L1","47.1111","88.39","98","96","96","85"
"Yes","STAT_100_L2","94.35556","99.54","95","92.5","97","92"
"Yes","STAT_100_L1","86.69604","86.96","92","89.5","74","89"
"Yes","STAT_100_ONL","69.50158","84.49","73","78.5","63","85"
"Yes","STAT_100_L2","99.05556","96","65","59","71","59"
"Yes","STAT_100_L2","99.77778","100","100","82.5","99","86"
"Yes","STAT_100_L1","89.08968","97.73","93","90.5","90","95"
"Yes","STAT_100_L2","63.55556","98.29","78","79","91","79"
"Yes","STAT_100_L1","67.42301","91.71","77","75.5","92","76"
"Yes","STAT_100_L1","55.2119","98.81","97.5","95","93","95"
"Yes","STAT_100_L2","84.54762","98.22","88","86","95","97"
"Yes","STAT_100_ONL","77.80476","34.76","50","49.5","38","68"
"Yes","STAT_100_L1","99.36667","99.54","79","81.5","94","91"
"Yes","STAT_100_ONL","83.23653","92.2","80","83.5","81","84"
"Yes","STAT_100_L1","98.04444","98.89","87","86","86","98"
"Yes","STAT_100_ONL","100","100","92","99.5","99","99"
"Yes","STAT_100_ONL","83","95.48","95","97","96","93"
"Yes","STAT_100_L1","50.22063","84.12","50","63","54.5","48"
"Yes","STAT_100_L1","93.33652","94.88","62","48","45.5","57"
"Yes","STAT_100_L1","73.58333","99.5","98","96","96","96"
"Yes","STAT_100_ONL","75.48255","81.37","85","83.5","80","80"
"Yes","STAT_100_L1","97.43334","97.74","67","60","82","78"
"Yes","STAT_100_ONL","70.74921","83.58","85","72.5","81","76"
"Yes","STAT_100_L1","85.05556","75.61","90.5","70.5","55","71"
"Yes","STAT_100_L1","52.89682","84.96","88","71","68","71"
"Yes","STAT_100_L1","89.69842","98.05","92","83","88","95"
"Yes","STAT_100_L2","76.94445","82.68","77","75","65","77"
"Yes","STAT_100_L1","72.22143","90.49","63","49","62","65"
"Yes","STAT_100_ONL","87.96667","98.08","90","91.5","74","93"
"Yes","STAT_100_L1","43.11111","76.15","80","94.5","83","76"
"Yes","STAT_100_L2","86.21429","97.46","91","86.5","85","85"
"Yes","STAT_100_L1","59.7135","96.38","95","90","91","93"
"Yes","STAT_100_L1","95.49207","98.83","95","96","100","92"
"Yes","STAT_100_L2","89.23493","92.91","78","51.5","92","81"
"Yes","STAT_100_L2","42.77778","96.53","100","90","98","97"
"Yes","STAT_100_L1","85.3643","97.44","92","73.5","78","90"
"Yes","STAT_100_L1","66.56349","88.17","91","76","90","84"
"Yes","STAT_100_L1","49.08332","82.05","84","79.5","83","84"
"Yes","STAT_100_ONL","61.77778","81.15","84","73","72","83"
"Yes","STAT_100_L2","86.77778","99.2","85","71","89","79"
"Yes","STAT_100_ONL","99.66667","100","90","93.5","99","95"
"Yes","STAT_100_L1","63.31429","88.18","56.5","69.5","84","67"
"Yes","STAT_100_L1","92.32541","92.2","81","72","90","79"
"Yes","STAT_100_L2","93.77778","98.85","74","84.5","97","88"
"Yes","STAT_100_L2","54.8254","88.59","94","85","90","84"
"Yes","STAT_100_L1","75.5","92.23","89","84.5","73","83"
"Yes","STAT_100_L1","69.93254","96.12","91","83","81","83"
"Yes","STAT_100_ONL","95.75556","97.1","96","99.5","99","96"
"Yes","STAT_100_ONL","23.1619","91.99","96","79","98","86"
"Yes","STAT_100_ONL","81.83651","85.26","63","62","70","61"
"Yes","STAT_100_L2","91.94921","94.67","69","74.5","84","62"
"Yes","STAT_100_ONL","70.25397","99.33","85","88","95.5","96"
"Yes","STAT_100_ONL","99","98.6","94","96.5","96","94"
"Yes","STAT_100_L2","77.71429","99.67","83","85","87","73"
"Yes","STAT_100_ONL","8","65.77","79","61","91","74"
"Yes","STAT_100_L1","99.30555","99.2","79","79.5","74","80"
"Yes","STAT_100_ONL","24.61667","21.31","42","31.5","32","37"
"Yes","STAT_100_L2","32.87778","28.31","92","92","81","77"
"Yes","STAT_100_ONL","38.58571","95.97","93","86.5","94","97"
"Yes","STAT_100_L2","84.04763","95.65","90","89","82","86"
"Yes","STAT_100_L2","89.3762","94.06","78","57.5","76","69"
"Yes","STAT_100_L1","74.74763","92.32","70","56","51","73"
"Yes","STAT_100_L1","61.5","96.33","62","62","72","75"
"Yes","STAT_100_ONL","90.3254","83.31","78","74.5","67.5","73"
"Yes","STAT_100_ONL","74.55556","92.16","92","90.5","87","90"
"Yes","STAT_100_L2","74.66667","65.13","82","90","91","90"
"Yes","STAT_100_L1","90.74444","97.93","65","60.5","71","57"
"Yes","STAT_100_L2","96.18889","94.45","59","69","87","78"
"Yes","STAT_100_L2","94.66667","98.74","87","86","97","97"
"Yes","STAT_100_ONL","92.34603","99.36","97","98","100","99"
"Yes","STAT_100_L2","85.7143","96.68","82","84","91","94"
"Yes","STAT_100_ONL","36.24764","97.99","86","95.5","92","95"
"Yes","STAT_100_ONL","28.83333","96.59","90","92","94","82"
"Yes","STAT_100_L1","61.91666","98.75","95","86.5","92","79"
"Yes","STAT_100_L1","43.3127","87.99","80","67.5","74","73"
"Yes","STAT_100_ONL","83.66666","91.54","85","98.5","100","96"
"Yes","STAT_100_ONL","12.88889","73.66","86","88","68.5","76"
"Yes","STAT_100_L2","60.69842","93.63","83","85","96","88"
"Yes","STAT_100_L2","67.40953","63.86","84","58.5","79","59"
"Yes","STAT_100_L2","73.13334","72.4","62","77","77","81"
"Yes","STAT_100_L2","52","96.36","73","81","75","76"
"Yes","STAT_100_L2","75.25","78.82","79","64","82","60"
"Yes","STAT_100_L1","97.31111","95.84","80","82.5","93","87"
"Yes","STAT_100_L1","72.55556","96.72","94","95.5","89","87"
"Yes","STAT_100_ONL","69","98.56","96","93","100","96"
"Yes","STAT_100_L1","68.61111","93.15","95","94.5","93","96"
"Yes","STAT_100_L1","39","60.13","95","86.5","93","76"
"Yes","STAT_100_ONL","81.22223","87.56","69","70.5","70.5","70"
"Yes","STAT_100_ONL","84.66667","97.69","90","94","94","80"
"Yes","STAT_100_L1","70.02778","85.57","82","86","79","96"
"Yes","STAT_100_ONL","55","93.76","95","84.5","82","94"
"Yes","STAT_100_ONL","73.61111","94.24","92","87","96","79"
"Yes","STAT_100_ONL","97.76666","98.37","83","84","86","93"
"Yes","STAT_100_ONL","24.5254","71.35","82","72.5","69","74"
"Yes","STAT_100_L1","54.5","71.36","85","85","65","74"
"Yes","STAT_100_L1","83.43651","96.52","66","62.5","86","74"
"Yes","STAT_100_L2","80.7127","80.86","59","46.5","68","62"
"Yes","STAT_100_L2","78.27778","99.2","91","95.5","89","90"
"Yes","STAT_100_L1","93.77778","99.06","81","67.5","91","82"
"Yes","STAT_100_L1","96","99.22","92","95","94","96"
"Yes","STAT_100_L2","84.73968","98.33","73","74.5","81","72"
"Yes","STAT_100_L1","51.82301","97.13","79","75","84","90"
"Yes","STAT_100_ONL","98.60318","97.77","77","77","83","71"
"Yes","STAT_100_L2","98.8","99.04","98","86","90","93"
"Yes","STAT_100_L1","33.33333","75.81","75","63","60","52"
"Yes","STAT_100_L1","97.38889","96.08","83","73.5","85","77"
"Yes","STAT_100_L2","53.91112","86.19","84","76.5","77","76"
"Yes","STAT_100_L2","84.88095","95.21","91","89.5","96","95"
"Yes","STAT_100_L2","94.71111","99.01","88","98.5","99","95"
"Yes","STAT_100_L2","74.02857","99.13","98","94.5","95","92"
"Yes","STAT_100_ONL","66.07937","90.21","74","77","91","90"
"Yes","STAT_100_L2","74.33333","96.99","94","95.5","95","95"
"Yes","STAT_100_L2","59.2","62.79","59","0","78","66"
"Yes","STAT_100_L1","37","95.57","93","87","99","89"
"Yes","STAT_100_ONL","93.07778","98.65","96","96.5","93","100"
"Yes","STAT_100_L1","96.16667","98.43","90","90","93","86"
"Yes","STAT_100_L1","98.77778","98.92","92","80","88","80"
"Yes","STAT_100_L1","91.41746","93.83","78","76","85","87"
"Yes","STAT_100_L1","89.96428","95.99","80","86.5","83","83"
"Yes","STAT_100_ONL","47.71429","97.52","82","84.5","89","92"
"Yes","STAT_100_L2","28","88.71","92","92","92","87"
"Yes","STAT_100_ONL","82.37777","90.91","68","62","75","74"
"Yes","STAT_100_L1","65.22222","97.09","90","92.5","92","82"
"Yes","STAT_100_L2","84.5","97.91","88","83.5","94","81"
"Yes","STAT_100_L2","98.02223","99.38","88","58.5","79","73"
"Yes","STAT_100_L1","69.99286","88.3","92","84.5","87","95"
"Yes","STAT_100_L1","92.29762","96.46","90","70","93","90"
"Yes","STAT_100_L1","60.61111","97.56","76","88.5","94","88"
"Yes","STAT_100_L1","2.08333","58.86","88","90.5","78","0"
"Yes","STAT_100_L1","32.62778","93.76","67","82.5","81","80"
"Yes","STAT_100_ONL","25.5619","90.43","91","89.5","94","90"
"Yes","STAT_100_L1","73.06666","83.04","75","60.5","70","64"
"Yes","STAT_100_L1","48.05555","92.86","85","91","94","90"
"Yes","STAT_100_L1","62.03888","91.85","85","74","83","76"
"Yes","STAT_100_L1","87.97222","99.69","84","86.5","98","96"
"Yes","STAT_100_ONL","99.77778","99.38","89","81.5","96","86"
"Yes","STAT_100_L1","67.30953","69.34","85.5","87","76","82"
"Yes","STAT_100_L1","64.18332","62.18","90","75","84","86"
"Yes","STAT_100_L2","17.5","24.55","65","51","46","51"
"Yes","STAT_100_ONL","87.03968","95.28","98","85.5","100","85"
"Yes","STAT_100_L2","32.01111","86.26","83","86.5","73.5","78"
"Yes","STAT_100_L2","94.65874","97.05","65","69","73.5","81"
"Yes","STAT_100_ONL","68.44444","97.58","92","95.5","99","94"
"Yes","STAT_100_L2","88.34445","98.62","98","96","92","98"
"No","STAT_100_L2","4.86111","41.86","59","83","0","0"
"Yes","STAT_100_ONL","85.41111","76.7","82","80","92","74"
"Yes","STAT_100_ONL","49","28.74","64","64.5","46","57"
"Yes","STAT_100_L2","94.74761","93.8","82","86","94","88"
"Yes","STAT_100_ONL","10","72.09","81","95","96","74"
"Yes","STAT_100_L2","55.63492","90.59","89","84.5","73","73"
"Yes","STAT_100_L1","77.75","90.53","84","76","89","87"
"Yes","STAT_100_L2","89.29842","95.89","88","77","91","88"
"Yes","STAT_100_L1","80.50001","91.81","92","68.5","87","80"
"Yes","STAT_100_L1","73.59842","95.18","80","78","85","86"
"Yes","STAT_100_L1","75.74207","97.25","79","94.5","95","91"
"Yes","STAT_100_ONL","99.53334","99.16","94","96","96","100"
"Yes","STAT_100_L1","94.86986","98.49","91","88","90","93"
"Yes","STAT_100_ONL","39.3254","93.06","46","50.5","54","68"
"Yes","STAT_100_L1","56.40397","94.87","87","86.5","77","80"
"Yes","STAT_100_L1","29.02777","12.5","87","56.5","73","61"
"Yes","STAT_100_ONL","90.10318","98.53","93","96.5","93","96"
"Yes","STAT_100_ONL","89.18096","98.45","86","85.5","97","95"
"Yes","STAT_100_L1","52.81825","78.57","84","70.5","56","79"
"Yes","STAT_100_L2","95.2762","90.08","72","64","76","72"
"Yes","STAT_100_ONL","41.05556","93.33","92","95.5","94","91"
"Yes","STAT_100_ONL","7","93.48","67","86","89","87"
"Yes","STAT_100_L2","64.14286","87.62","96","93","96","90"
"Yes","STAT_100_ONL","95.33333","99.43","88","89","86","85"
"Yes","STAT_100_L2","25","92.06","90","94.5","97","95"
"Yes","STAT_100_L2","7","83.04","49","56.5","69","63"
"Yes","STAT_100_L1","98.77778","99.69","80","81.5","86","82"
"Yes","STAT_100_L1","63.83333","85.62","71","57.5","82","61"
"Yes","STAT_100_L1","95.65635","92.13","75","72","85","68"
"Yes","STAT_100_ONL","88.33334","98.99","81","80.5","72","83"
"Yes","STAT_100_L1","80","99.22","98","94","100","97"
"Yes","STAT_100_ONL","19.11111","71.52","90","90.5","73","75"
"Yes","STAT_100_L1","49.45555","76.4","88","70","77","80"
"Yes","STAT_100_L2","70.55556","88.6","69","84","57","87"
"Yes","STAT_100_L1","73.23095","94.85","86","82","85","83"
"Yes","STAT_100_ONL","95.26985","98.28","88","89","87","98"
"Yes","STAT_100_ONL","0","0","58","","",""
"Yes","STAT_100_L1","89.46429","99.19","81","66","75","81"
"Yes","STAT_100_L1","99.35556","99.21","85","71.5","73","76"
"Yes","STAT_100_L2","78.29207","98.26","92","89.5","98","88"
"Yes","STAT_100_L1","76.60476","91.45","70","74.5","89","86"
"Yes","STAT_100_ONL","58","80.63","83","96","97","95"
"Yes","STAT_100_L2","53.2","68.81","49","59.5","82","71"
"Yes","STAT_100_ONL","78.38096","90.62","82","74","81","91"
"Yes","STAT_100_L1","53.60555","100","98","99.5","98","98"
"Yes","STAT_100_ONL","78.48571","83.88","94","97","92","95"
"Yes","STAT_100_L2","82.56667","92.46","93","74","60","82"
"Yes","STAT_100_L2","93.94445","97.99","94","97.5","85","96"
"Yes","STAT_100_L1","59.53889","90.09","94","86","95","96"
"Yes","STAT_100_L1","66.22223","98.44","94","90.5","92","96"
"Yes","STAT_100_ONL","82.44445","97.68","90","91.5","97","93"
"Yes","STAT_100_ONL","92.75238","95.45","93","82.5","83","77"
"Yes","STAT_100_L1","99.71429","99.02","100","97","92","97"
"Yes","STAT_100_L1","64.1254","96.46","97","97.5","97","94"
"Yes","STAT_100_ONL","25","71.5","98","94.5","83","76"
"Yes","STAT_100_L1","80.60319","95.62","85","71.5","86.5","69"
"Yes","STAT_100_L2","77.66032","70.63","80","60","75","77"
"Yes","STAT_100_L2","55","82.75","74","74.5","70","75"
"Yes","STAT_100_L1","100","99.36","98","92.5","98","98"
"Yes","STAT_100_L2","98.32222","97.99","76","89","88","79"
"Yes","STAT_100_L1","99.86667","97.64","92","94.5","95","95"
"Yes","STAT_100_L1","90.77778","96.93","85","69","81","75"
"Yes","STAT_100_ONL","68.23334","79.13","84","68.5","67","87"
"Yes","STAT_100_L2","91.45874","94.12","95","78","83","80"
"Yes","STAT_100_L2","72.44286","92.91","88","86.5","90","83"
"Yes","STAT_100_L1","84.27777","99.22","82","92","93","97"
"Yes","STAT_100_L2","16","89.24","85","69","89","78"
"Yes","STAT_100_ONL","79","95.74","84","93.5","93","86"
"Yes","STAT_100_L2","100","99.84","92","96.5","98","95"
"Yes","STAT_100_L2","36.09682","97.71","96","99","97","94"
"Yes","STAT_100_ONL","71.55557","95.07","82","81.5","82","76"
"Yes","STAT_100_ONL","98.73651","96.55","90","89.5","98","84"
"Yes","STAT_100_L1","66.08888","84.23","93","87.5","92","88"
"Yes","STAT_100_L2","82.8","79.62","85","65","79","84"
"Yes","STAT_100_L2","95.02223","98.58","90","97","92","94"
"Yes","STAT_100_L1","64.30555","76.79","97","82.5","85","84"
"Yes","STAT_100_L1","75.63333","98.72","87","96","92","94"
"Yes","STAT_100_ONL","81.27619","97.21","76","49","75","60"
"Yes","STAT_100_L1","79.63889","100","100","97.5","100","99"
"Yes","STAT_100_ONL","61.11111","88.96","67","61.5","79","85"
"Yes","STAT_100_L2","67.17778","98.71","100","98.5","100","93"
"Yes","STAT_100_ONL","31.16667","96.1","99","93.5","100","95"
"Yes","STAT_100_L2","75.03174","98.75","87","90.5","89","86"
"Yes","STAT_100_L2","95.20635","99.68","98","96","100","98"
"Yes","STAT_100_L1","53.68889","96.18","99","88","93","77"
"Yes","STAT_100_L1","98.89207","98.51","93","95","100","87"
"Yes","STAT_100_L1","79.94444","99.38","98","89.5","91","99"
"Yes","STAT_100_ONL","72.2619","85.76","77","82.5","87.5","86"
"Yes","STAT_100_L1","73.96429","96.9","91","97","94","87"
"Yes","STAT_100_L2","55.74207","91.79","83","83","88","80"
"Yes","STAT_100_ONL","4","73.57","82.5","87","87","85"
"Yes","STAT_100_L2","24.55556","76.72","85","84.5","88","81"
"Yes","STAT_100_ONL","97.57143","99.33","95","93","98","95"
"Yes","STAT_100_L2","98.15875","95.64","99","89.5","94","97"
"Yes","STAT_100_ONL","100","99.68","93","85.5","94","94"
"Yes","STAT_100_L1","57.06667","97.06","90","86.5","91","88"
"Yes","STAT_100_L2","94.83333","99.35","99","89.5","95","95"
"Yes","STAT_100_L2","57.00635","97.18","85","91.5","95","89"
"Yes","STAT_100_L1","96.38889","99.04","88","90","96","86"
"Yes","STAT_100_L2","60","93.12","91","82","89","85"
"Yes","STAT_100_L2","79.3254","95.58","84","81.5","79","84"
"Yes","STAT_100_L2","86.20635","99.33","95","85.5","77.5","83"
"Yes","STAT_100_ONL","28.85079","46.77","73","55","51","57"
"Yes","STAT_100_ONL","98.22223","95.7","90","91.5","86","93"
"Yes","STAT_100_L1","81.57778","99.36","94","96.5","96","96"
"Yes","STAT_100_ONL","95.33334","97.68","84","88","90","94"
"Yes","STAT_100_L1","52.73333","96.38","85","83.5","89","88"
"Yes","STAT_100_L2","85.77778","97.95","92","92.5","93","86"
"Yes","STAT_100_ONL","94.96826","93.55","90","65","82","64"
"Yes","STAT_100_L1","98.19445","97.52","72","82","96","84"
"Yes","STAT_100_ONL","35.76508","93.46","94","86","100","86"
"Yes","STAT_100_L1","78.5881","85.57","97","71.5","87","81"
"Yes","STAT_100_L2","23","38.25","26","30.5","23","41"
"Yes","STAT_100_ONL","96.45079","91.45","89","78.5","95","93"
"Yes","STAT_100_ONL","35.98413","97.58","85","95.5","97","91"
"Yes","STAT_100_L2","86.70318","94.44","94","90.5","86.5","85"
"Yes","STAT_100_L2","97","99.51","88","93","100","95"
"Yes","STAT_100_ONL","9.71111","50","87","69","78.5","65"
"Yes","STAT_100_L1","100","99.66","98","94","97","92"
"Yes","STAT_100_ONL","12.77778","90.49","88","99.5","96","92"
"Yes","STAT_100_ONL","76.81112","93.58","97","94.5","80","97"
"Yes","STAT_100_L1","89.71429","99.54","92","93","88.5","90"
"Yes","STAT_100_L2","100","99.84","100","98.5","100","97"
"Yes","STAT_100_ONL","17.78095","61.32","48","67.5","69","65"
"Yes","STAT_100_L2","85.02222","97.23","86","80","85","81"
"Yes","STAT_100_ONL","81.4381","90.22","78","76","71.5","67"
"Yes","STAT_100_L1","100","99.67","100","90","98","86"
"Yes","STAT_100_ONL","92.55556","99.2","68","61.5","68","79"
"Yes","STAT_100_L1","29.80555","97.31","98","89.5","85","84"
"Yes","STAT_100_ONL","76.01111","74.92","94","86.5","98","96"
"Yes","STAT_100_ONL","82.55556","95.1","87","84","90","93"
"Yes","STAT_100_L2","76.33333","83.84","86","87","42","74"
"Yes","STAT_100_L1","84.52777","99.83","88","82","79","91"
"Yes","STAT_100_L1","82.67143","96.03","68","75","69","67"
"Yes","STAT_100_L2","64.47302","94.34","88","87","90","96"
"Yes","STAT_100_ONL","94","99.24","93","97.5","100","99"
"Yes","STAT_100_L2","96.05556","97.04","96","97","86","97"
"Yes","STAT_100_L1","47.53889","85.95","90","71","85","71"
"Yes","STAT_100_L2","74.88889","94.88","90","78.5","92","83"
"Yes","STAT_100_L1","85.65079","92.57","81","72.5","75","78"
"Yes","STAT_100_L1","96.77778","96.92","75","79","86","96"
"Yes","STAT_100_ONL","64.1","74.11","90","84.5","92","90"
"Yes","STAT_100_L2","82.90477","96.74","86","75","83","85"
"Yes","STAT_100_ONL","18","96.57","89","92.5","100","92"
"Yes","STAT_100_ONL","89.3746","87.54","72","73.5","86","77"
"Yes","STAT_100_L1","97.22222","100","92","95","100","99"
"Yes","STAT_100_L2","40.55555","80.6","98","93.5","86","95"
"Yes","STAT_100_L1","93.58096","97.75","83","95","93","95"
"Yes","STAT_100_L1","96.55556","99.24","87","93","79","97"
"Yes","STAT_100_ONL","7.71429","72.64","75","69","71","64"
"Yes","STAT_100_L2","36.77778","98.58","96","97","98","98"
"Yes","STAT_100_ONL","76.1","88.73","88","93","86","83"
"Yes","STAT_100_L1","82.49207","89.37","91","86","98","91"
"Yes","STAT_100_L2","99.46667","97.83","83","85.5","88","93"
"Yes","STAT_100_ONL","63.77778","68.42","85","84.5","62","79"
"Yes","STAT_100_ONL","75.77858","87.95","59","68.5","85.5","89"
"Yes","STAT_100_L1","89.94444","98.42","92","89.5","97","94"
"Yes","STAT_100_L1","59.26428","69.93","90","66.5","86","63"
"Yes","STAT_100_L2","81.41112","95.28","91","85","92","95"
"Yes","STAT_100_L2","79.61906","93.44","86","74.5","85","87"
"Yes","STAT_100_ONL","50.24763","98.26","93","97","95","92"
"Yes","STAT_100_L2","54.6","94.69","87","67","79","80"
"Yes","STAT_100_L1","96","99.04","100","97","100","98"
"Yes","STAT_100_L1","77.24207","92.22","94","94","98","98"
"Yes","STAT_100_L1","95.24207","97.87","84","82.5","77","85"
"Yes","STAT_100_L1","36.13889","36.62","90.5","77","73","74"
"Yes","STAT_100_L2","43","90.97","94","77","78","77"
"Yes","STAT_100_ONL","77","99.53","89","78.5","100","97"
"Yes","STAT_100_L1","94.66667","97.31","92","95","89","96"
"Yes","STAT_100_L1","62.68333","95.05","98","97","100","93"
"Yes","STAT_100_L2","82.81904","98.26","92","81","87","83"
"Yes","STAT_100_ONL","5","85.26","82","79.5","94","79"
"Yes","STAT_100_ONL","45","98","100","94","92","91"
"Yes","STAT_100_L2","85.5","88.64","72","65.5","76","65"
"Yes","STAT_100_L1","92.45","98.34","94","91.5","93","84"
"Yes","STAT_100_L2","73.51112","87.64","76","83","89","76"
"Yes","STAT_100_L1","99.8","97.93","94","96.5","88","95"
"Yes","STAT_100_L2","85.04604","91.84","65","71","78","70"
"Yes","STAT_100_L2","88.54763","99.07","93","91","83","95"
"Yes","STAT_100_L1","96.16666","98.84","77","74.5","92","92"
"Yes","STAT_100_L2","94.33969","98.1","98","89.5","88","99"
"Yes","STAT_100_L1","64.57143","89.98","73","85","75","83"
"Yes","STAT_100_ONL","15.14286","99.67","98","88.5","92","82"
"Yes","STAT_100_L2","64.05557","96.35","88","85","94","94"
"Yes","STAT_100_L1","82.93334","99.06","95","93","90","95"
"Yes","STAT_100_L1","66.58333","99.38","96","98.5","94","97"
"Yes","STAT_100_L2","80.24762","95.89","76","76","83","74"
"Yes","STAT_100_L1","85.86985","94.21","53","68","62","72"
"Yes","STAT_100_L1","47.90873","94.26","82","86","95","82"
"Yes","STAT_100_L1","93.26667","98.88","90","90","92","97"
"Yes","STAT_100_ONL","33","93.28","90","93.5","98","99"
"Yes","STAT_100_L1","72.35556","72.58","64","74.5","76","75"
"Yes","STAT_100_ONL","68.41191","91.07","71","62.5","77","75"
"Yes","STAT_100_ONL","97.94287","98.42","86","83.5","93","91"
"Yes","STAT_100_L1","66.55557","97.77","83","77.5","80","76"
"Yes","STAT_100_ONL","23.45556","62.52","75","73.5","51","74"
"Yes","STAT_100_L2","97.44445","98.85","93","94.5","90.5","97"
"Yes","STAT_100_L1","62.21666","98.6","97","96","96","91"
"Yes","STAT_100_L2","80.77778","99.18","90","83","80","93"
"Yes","STAT_100_ONL","76.98096","89.97","84.5","90","86","95"
"Yes","STAT_100_ONL","60.23333","85.25","42","74.5","82","80"
"Yes","STAT_100_ONL","84.66667","94.02","90","89.5","82","84"
"Yes","STAT_100_ONL","89.39842","94.85","75","81","73","75"
"Yes","STAT_100_ONL","86","96.57","83","97","100","97"
"Yes","STAT_100_ONL","45.77778","98.13","90","86","92","81"
"Yes","STAT_100_L2","81","97.44","91","82","76","82"
"Yes","STAT_100_L2","62.46667","98.22","86","79","82","89"
"Yes","STAT_100_L2","25.80953","45.04","62","57.5","54","56"
"Yes","STAT_100_ONL","48.54762","97.53","85","83","93","86"
"Yes","STAT_100_L2","99.24445","98.74","96","94.5","98","96"
"Yes","STAT_100_ONL","82.72064","93.82","80","92","94","90"
"Yes","STAT_100_L2","62.68731","56.54","60","46.5","66.5","57"
"Yes","STAT_100_L2","89.31747","94.92","77","63.5","83","78"
"Yes","STAT_100_L2","82.65477","97.98","40","52","75","63"
"Yes","STAT_100_L2","100","99.84","98","87.5","97","98"
"Yes","STAT_100_L1","56.95555","94.92","76","71","73","77"
"Yes","STAT_100_L1","98.48413","97.96","97","93","92","92"
"Yes","STAT_100_ONL","95.64445","99.37","85","82","81","88"
"Yes","STAT_100_ONL","87.33333","99.34","88","93.5","98","97"
"Yes","STAT_100_ONL","86","99.07","81","90","89","93"
"Yes","STAT_100_L1","38.05556","88.98","90","76.5","87","84"
"Yes","STAT_100_L2","50.86667","97.99","95","98","100","92"
"Yes","STAT_100_ONL","69.54761","67.34","86","80","94","86"
"Yes","STAT_100_L1","56.16667","95.23","96","91","94","94"
"Yes","STAT_100_L2","99.20635","98.38","94","95","93","92"
"Yes","STAT_100_ONL","27.19999","92.58","85","73","82","72"
"Yes","STAT_100_L2","96","98.87","87","95","95","95"
"Yes","STAT_100_ONL","29.4254","94.72","87","74","93","77"
"Yes","STAT_100_L2","76.12541","85.3","88","71","73","60"
"Yes","STAT_100_L2","63.44762","99.19","94","96.5","90","92"
"Yes","STAT_100_L2","61.06667","69.07","83","79.5","83","83"
"Yes","STAT_100_L1","39.02778","71.5","71","47","30","55"
"Yes","STAT_100_L1","70.22222","97.46","95","89","90","95"
"Yes","STAT_100_L2","67.64762","95.67","94","87.5","94","90"
"Yes","STAT_100_ONL","47.71429","99.67","100","98","97","95"
"Yes","STAT_100_L2","99.15874","98.43","84","85.5","90","88"
"Yes","STAT_100_ONL","50.33333","84.65","98","90.5","96","99"
"Yes","STAT_100_ONL","62","81.49","93","71.5","84","76"
"Yes","STAT_100_L2","23","53.67","80","68","82","64"
"Yes","STAT_100_L1","92.81667","97.4","89","91","93","91"
"Yes","STAT_100_L1","100","100","98","97.5","100","99"
"Yes","STAT_100_L1","55.02778","95.71","90","95.5","90","83"
"Yes","STAT_100_L2","90.61746","99.35","98","96","100","94"
"Yes","STAT_100_L2","79.55556","96.93","93","90.5","92","87"
"Yes","STAT_100_L1","74.85079","95.62","75","90","86","92"
"Yes","STAT_100_L1","35.95635","77.32","78","71.5","75","78"
"Yes","STAT_100_ONL","88.83334","94.33","75","86.5","84","80"
"Yes","STAT_100_L2","74.0873","80.82","75","73.5","82","74"
"Yes","STAT_100_L1","93.35318","97.21","83","83.5","79","92"
"Yes","STAT_100_L2","5","12.8","90","93","0","0"
"Yes","STAT_100_ONL","84.92381","98.48","89","86","95","84"
"Yes","STAT_100_ONL","0","94.42","90","90","87","94"
"Yes","STAT_100_ONL","19","16.01","74","","",""
"Yes","STAT_100_L2","55.11111","89.41","75","63.5","44","57"
"Yes","STAT_100_ONL","5.55556","98.41","97","97.5","94","94"
"Yes","STAT_100_ONL","45.77778","98.19","92","92.5","97","92"
"Yes","STAT_100_L2","79.6","90.05","90","86.5","98","80"
"Yes","STAT_100_L1","99.49207","97.65","99","86.5","96","91"
"Yes","STAT_100_L1","90.2619","93.84","86","65","73","83"
"Yes","STAT_100_L2","90.82223","87.06","72","76","87","71"
"Yes","STAT_100_ONL","93","99.35","93","92.5","92","94"
"Yes","STAT_100_L2","93.36667","97.38","95","83.5","93","94"
"Yes","STAT_100_L2","26","42.7","55","75.5","66","49"
"Yes","STAT_100_L1","46.65079","99.37","76","86.5","90","79"
"Yes","STAT_100_ONL","47.16667","91.42","60","69","73","55"
"Yes","STAT_100_L1","15.55555","90.98","98","93","98","95"
"Yes","STAT_100_L1","27.44444","73.43","84","86","77","77"
"Yes","STAT_100_L2","41.71271","76.55","83","85.5","90","83"
"Yes","STAT_100_L2","97.79366","98.46","91","85.5","77","93"
"Yes","STAT_100_L1","82.48969","96.1","65","65","65","72"
"Yes","STAT_100_L1","98.88096","97.4","92","76.5","95","99"
"Yes","STAT_100_ONL","83.13651","96.66","82","89.5","90","84"
"Yes","STAT_100_L2","90","99.32","64","63","82","88"
"Yes","STAT_100_L1","86.71429","96.43","86","73","91","83"
"Yes","STAT_100_L2","75.9508","85.1","83","73","94","81"
"Yes","STAT_100_L2","55","49.24","83","88","87","75"
"Yes","STAT_100_L2","87.17778","96.17","91","84.5","96","93"
"Yes","STAT_100_L2","34.6","90.45","68","78","80","76"
"Yes","STAT_100_ONL","45","66.41","55","83","90","92"
"Yes","STAT_100_L2","39.33333","89.98","88","84","90","87"
"Yes","STAT_100_L2","86.52699","94.02","87","78.5","81","72"
"Yes","STAT_100_L1","57.92222","69.3","65","74.5","82","69"
"Yes","STAT_100_L2","70.16509","97.83","88","81","95","92"
"Yes","STAT_100_ONL","99.57778","98.75","94","94","92","99"
"Yes","STAT_100_L1","28.44444","68.63","86","89.5","89","79"
"Yes","STAT_100_ONL","55.33333","79.9","83","89.5","94","93"
"Yes","STAT_100_L1","93.8889","96.91","79","65","71","79"
"Yes","STAT_100_L2","7","34.01","88","86.5","79.5","74"
"Yes","STAT_100_L1","68.27778","86.42","95","71","90","73"
"Yes","STAT_100_L1","42.66666","33.49","82","80.5","63","77"
"Yes","STAT_100_L2","75.61588","98.6","94","86","88","85"
"Yes","STAT_100_ONL","97.71429","98.9","80","79","89","92"
"Yes","STAT_100_L2","38.86667","98.48","100","97","96","91"
"Yes","STAT_100_ONL","6.55556","31.8","77","","",""
"Yes","STAT_100_L2","61.88413","93.58","67","72.5","64.5","66"
"Yes","STAT_100_L2","33.71429","95.19","93.5","89","99.5","90"
"Yes","STAT_100_L2","99.5","98.75","86","82.5","88","89"
"Yes","STAT_100_L1","38.67857","56.62","38","42","23","0"
"Yes","STAT_100_L1","99.57778","99.01","84","82.5","79","78"
"Yes","STAT_100_L2","58.77778","94.81","79","61","91","89"
"Yes","STAT_100_ONL","47.6","78.16","91","92","100","90"
"Yes","STAT_100_L1","100","99.37","96","94.5","96","97"
"Yes","STAT_100_L1","97.8","99.83","83","73","89","81"
"Yes","STAT_100_L2","97.16984","99.07","94","85","89","89"
"Yes","STAT_100_L2","83.62223","93.7","71","61","93","73"
"Yes","STAT_100_L2","60.08889","79.39","85.5","84.5","73","78"
"Yes","STAT_100_ONL","84.61588","85.66","54","80","80","80"
"Yes","STAT_100_L1","47.97222","73.24","83","82.5","76","78"
"Yes","STAT_100_ONL","95","100","98","89","100","100"
"Yes","STAT_100_L1","81.00555","98.43","97","89","100","88"
"Yes","STAT_100_L1","97.42858","99.34","95","85","89","94"
"Yes","STAT_100_L1","99.77778","99.22","98","98","98","100"
"Yes","STAT_100_L1","99","98.74","86","81.5","87","92"
"Yes","STAT_100_L1","70.21984","87.8","67","41.5","44","48"
"Yes","STAT_100_L1","72.60318","75","68","80","75","80"
"Yes","STAT_100_ONL","84.55556","98.35","83","93","86","91"
"Yes","STAT_100_L2","97.19207","97.81","89","85.5","85","92"
"Yes","STAT_100_L2","100","99.39","100","96","95","99"
"Yes","STAT_100_L2","92.96667","98.58","95","91.5","88","97"
"Yes","STAT_100_L2","67.90477","73.29","78","76","68","68"
"Yes","STAT_100_ONL","81.31747","96.37","95","90","86","95"
"Yes","STAT_100_ONL","97.77778","96.5","90","84","94","93"
"Yes","STAT_100_L1","14.77777","47.64","93","78","66","0"
"Yes","STAT_100_ONL","90.72223","98.31","91","90.5","92","95"
"Yes","STAT_100_L2","24.71429","81.4","74","73","85","79"
"Yes","STAT_100_ONL","78.83333","97.68","99","85.5","91","90"
"Yes","STAT_100_ONL","88.88889","99.07","86","94","94","91"
"Yes","STAT_100_ONL","41.88731","93.5","91","89.5","81","92"
"Yes","STAT_100_ONL","42.82857","95","92","93.5","86","89"
"Yes","STAT_100_ONL","53.65081","98.71","79","85","86","87"
"Yes","STAT_100_L1","20.30555","46.83","41","37","33","47"
"Yes","STAT_100_L2","72.55398","96.14","91","90","100","91"
"Yes","STAT_100_ONL","88.95874","96.24","83","91","88","89"
"Yes","STAT_100_L1","37.13889","98","71","73.5","81","75"
"Yes","STAT_100_L1","30.80555","97.78","85","81","81","82"
"Yes","STAT_100_ONL","47.09842","95.87","97","96","92","97"
"Yes","STAT_100_L2","78.99206","88.81","81","57","82","61"
"Yes","STAT_100_L1","56.01429","90.02","90","87.5","76","85"
"Yes","STAT_100_L1","72.5","95.11","74","75","79","79"
"Yes","STAT_100_L1","63.99206","98.17","94","85.5","88","89"
"Yes","STAT_100_L2","55","98.51","96","90.5","98","93"
"Yes","STAT_100_L1","30.05556","96.36","98","87.5","88","77"
"Yes","STAT_100_L2","95.61111","97.68","87","86","98","88"
"Yes","STAT_100_ONL","27.24445","94.53","93","75.5","83.5","92"
"Yes","STAT_100_L1","98.46429","95.16","92","68","81.5","78"
"No","STAT_100_ONL","0","","","","",""
"Yes","STAT_100_ONL","63.8","70.29","86","78.5","80","86"
"Yes","STAT_100_L2","99.71429","100","91","94.5","91","97"
"Yes","STAT_100_L2","100","98.76","94","94.5","88","85"
"Yes","STAT_100_ONL","99.55556","98.73","80","84","90","90"
"Yes","STAT_100_ONL","41","99.32","88","88","99","88"
"Yes","STAT_100_L2","68.77778","95.77","99","92","96","91"
"Yes","STAT_100_ONL","37.61111","82.62","90","95","96","95"
"Yes","STAT_100_L1","54.96111","73.15","93","96","89","98"
"Yes","STAT_100_L1","99.5","99.69","90","87.5","95","96"
"Yes","STAT_100_L1","74","97.95","90","86","99","89"
"Yes","STAT_100_L1","93.08889","98.42","97","80","98","94"
"Yes","STAT_100_L2","99.35556","96.99","83","71.5","74","84"
"Yes","STAT_100_L2","89.67778","85.09","79","81.5","83","79"
"Yes","STAT_100_L2","83.8635","98.05","87","81","87","67"
"Yes","STAT_100_ONL","45.31111","98.22","95","93.5","98","95"
"Yes","STAT_100_ONL","17.73015","99.01","94","95","99","98"
"Yes","STAT_100_L2","61.99047","80.07","91","81","87","85"
"Yes","STAT_100_ONL","99.8","100","100","98","94","100"
"Yes","STAT_100_L2","81.26349","91.94","85","70.5","86","85"
"Yes","STAT_100_L2","79","97.59","86","92.5","93","87"
"Yes","STAT_100_L1","95.75555","97.81","84","78.5","87","75"
"Yes","STAT_100_L2","34.3","88.47","71","66","26","66"
"Yes","STAT_100_L1","74.82222","96.52","87","92","93","90"
"Yes","STAT_100_L2","84.07302","96.9","81","74.5","83","82"
"Yes","STAT_100_L1","43.19444","97.78","60","58.5","71","67"
"Yes","STAT_100_L2","90.57144","92.73","83","85","70","79"
"Yes","STAT_100_L1","78.49762","96.76","84","95","96","97"
"Yes","STAT_100_L2","90.8254","98.19","66","56","84","56"
"Yes","STAT_100_ONL","94.70318","99.68","98","97","98","99"
"Yes","STAT_100_ONL","99.5","99.68","94","98","101","99"
"Yes","STAT_100_L1","79.90001","91.49","75","81","80","87"
"Yes","STAT_100_ONL","48","99.67","90","98.5","93","98"
"Yes","STAT_100_L1","51.48174","84.42","94","96.5","93","85"
"Yes","STAT_100_ONL","39.88889","99.21","92","93.5","97","99"
"Yes","STAT_100_L1","99.04763","96.62","96","91.5","100","94"
"Yes","STAT_100_L1","19.11111","73.37","80","70","86.5","76"
"Yes","STAT_100_L1","72.81666","98.7","95","95","84","89"
"Yes","STAT_100_L1","47.80555","98.38","84","77","88","87"
"Yes","STAT_100_L1","60.41667","98.87","97","94.5","96","92"
"Yes","STAT_100_L1","85.24999","95.63","76","64","75","77"
"Yes","STAT_100_ONL","51","84.59","70","80","80","73"
"Yes","STAT_100_ONL","83.83333","97.98","92","94","98","96"
"Yes","STAT_100_L2","49.3","91.82","96","96.5","91","82"
"Yes","STAT_100_L1","82.95","97.64","90","84.5","98","85"
"Yes","STAT_100_L2","55.71429","45.31","85","70.5","54","64"
"Yes","STAT_100_L2","68.33334","90.75","80","77","79","73"
"Yes","STAT_100_ONL","87.6127","88.43","92","97","94","92"
"Yes","STAT_100_L2","65.49207","96.07","78","61","74","70"
"Yes","STAT_100_ONL","87.8","98.77","96","91","88","92"
"Yes","STAT_100_L2","90.94763","95.14","86","78.5","92","70"
"Yes","STAT_100_ONL","84.83333","99.05","92","96.5","96","99"
"Yes","STAT_100_L2","26.2619","48","65","54","45","54"
"Yes","STAT_100_ONL","99.33333","99.38","84","86.5","98","89"
"Yes","STAT_100_L1","78.04445","96.22","85","79.5","75","82"
"Yes","STAT_100_L2","89.6508","96.2","89","86","91","92"
"Yes","STAT_100_L1","47.2119","98.85","95","81.5","78","92"
"Yes","STAT_100_ONL","87.99207","73.27","76","90.5","78","80"
"Yes","STAT_100_L2","65","95.96","76","72.5","88","81"
"Yes","STAT_100_L1","14.05","61.37","59","59.5","26","0"
"Yes","STAT_100_ONL","69.36111","82.17","87","86","93.5","89"
"Yes","STAT_100_ONL","9","53","30","58","50","42"
"Yes","STAT_100_L2","38","97.79","92","84.5","96","87"
"Yes","STAT_100_L1","83.60636","94.06","91","84","69","85"
"Yes","STAT_100_L2","91.29843","96.58","83","65","88","86"
"Yes","STAT_100_ONL","76.69047","92.66","54","74.5","83","69"
"Yes","STAT_100_L2","94.50001","95.48","93","89.5","94","89"
"Yes","STAT_100_L1","100","99.84","91","97","97","100"
"Yes","STAT_100_L2","78.69444","94.83","91","90","79","88"
"Yes","STAT_100_L1","73.65555","93.57","90","85","96","94"
"Yes","STAT_100_ONL","33.84286","95.14","90","91.5","91","77"
"Yes","STAT_100_L2","69.07778","79.62","73","71","88.54","63"
"Yes","STAT_100_L1","84.71429","87.09","95","93.5","93","96"
"Yes","STAT_100_L1","68.19444","93.6","81","68","94","75"
"Yes","STAT_100_ONL","97.55556","99.69","96","98.5","96","96"
"Yes","STAT_100_L1","71.44762","85.81","68","71","75","70"
"Yes","STAT_100_L1","19.97222","99.69","90","96.5","98","97"
"Yes","STAT_100_L1","95.66667","99.07","91","91","95","96"
"Yes","STAT_100_L1","74.22936","97.73","84","66.5","89","76"
"Yes","STAT_100_ONL","54.33334","99.68","92","99","95","96"
"Yes","STAT_100_L1","51.60318","88.81","91","87","87","92"
"Yes","STAT_100_L1","95.87222","94.67","88","79.5","67","88"
"Yes","STAT_100_L1","99.77778","98.87","100","99","100","94"
"Yes","STAT_100_ONL","99.77778","99.37","78","96.5","96","95"
"Yes","STAT_100_L2","87.8889","97.24","95","79.5","82","88"
"Yes","STAT_100_L2","75.60319","83","54","43","64","67"
"Yes","STAT_100_L1","70.41111","97.54","89","88.5","86","92"
"Yes","STAT_100_L2","74.48888","96.31","88","80.5","87","89"
"Yes","STAT_100_L2","62.55556","95.45","84","80","86","87"
"Yes","STAT_100_L1","55.08333","73.75","94","83.5","97","87"
"Yes","STAT_100_L2","69.14286","87.87","81","68","86","70"
"Yes","STAT_100_L2","83.30953","99.19","91","82","86","81"
"Yes","STAT_100_L1","32.88889","85.65","98","95.5","95","95"
"Yes","STAT_100_L2","72.40874","96.81","90","94.5","89","93"
"Yes","STAT_100_L2","69.58096","98.89","94","96","98","90"
"Yes","STAT_100_L1","100","99.66","93","95.5","96","97"
"Yes","STAT_100_ONL","49.18096","97.96","80","81","84","77"
"Yes","STAT_100_ONL","43.35556","100","92","91.5","97","94"
"Yes","STAT_100_L1","80.46667","93.11","75","74.5","63","68"
"Yes","STAT_100_ONL","48.77778","97.35","94","84.5","64","77"
"Yes","STAT_100_L2","83.22222","97.92","88","96","87","98"
"Yes","STAT_100_ONL","61","68.21","53","75.5","75","55"
"Yes","STAT_100_ONL","82","100","98","98.5","92","99"
"Yes","STAT_100_L2","9","37.76","87","63","63","0"
"Yes","STAT_100_L1","54.41667","63.95","70","52.5","69.5","67"
"Yes","STAT_100_ONL","74.2381","82.53","79","85","77","85"
"Yes","STAT_100_ONL","92.84127","93.88","57","64.5","67","61"
"Yes","STAT_100_L1","78.88889","98.41","90","75.5","89","94"
"Yes","STAT_100_ONL","15","53.17","74","73.5","74","64"
"Yes","STAT_100_ONL","75","98.31","95","91.5","86","91"
"Yes","STAT_100_L2","92.03334","95.47","71","75","68","71"
"Yes","STAT_100_ONL","89.13492","96.07","96","78.5","88","98"
"Yes","STAT_100_L1","60.54365","97.66","92","90.5","99","90"
"Yes","STAT_100_L1","97.27302","95.36","95","80.5","88","85"
"Yes","STAT_100_L2","86.73017","92.7","75","66","68","61"
"Yes","STAT_100_L2","89.73651","98.84","98","91.5","91","96"
"Yes","STAT_100_ONL","67.88889","92.74","82","89.5","84","81"
"Yes","STAT_100_L2","95","98.9","95","87.5","90","96"
"Yes","STAT_100_L2","67.91746","92.98","91","77","77","77"
"Yes","STAT_100_L2","66.44444","94.37","87","77","87","75"
"Yes","STAT_100_ONL","97.3016","96.35","89","81.5","80","85"
"Yes","STAT_100_L1","93.08333","99.2","90","91.5","89.5","90"
"Yes","STAT_100_L1","74.33015","96.59","76","59.5","93","67"
"Yes","STAT_100_L2","71.77778","95.83","83","78","65","86"
"Yes","STAT_100_L2","92","97.85","88","75.5","79","89"
"Yes","STAT_100_L1","36.55634","58.04","72","70","51","63"
"Yes","STAT_100_L1","83.99206","96.35","83","76","86","87"
"Yes","STAT_100_L1","93.8635","95.37","86","82.5","98","83"
"Yes","STAT_100_L2","64.52064","85.04","80","72.5","80","66"
"Yes","STAT_100_ONL","91.98413","94.82","93","78","82","85"
"Yes","STAT_100_ONL","47","90.84","91","91","93","89"
"Yes","STAT_100_L1","96.78332","99.18","90","90.5","82","85"
"Yes","STAT_100_L1","80.98333","77.32","87","82","90","72"
"Yes","STAT_100_ONL","15.85714","78.41","55","59","57","41"
"Yes","STAT_100_L1","98.64762","99.84","100","93.5","100","100"
"Yes","STAT_100_L1","14.02222","85.67","93","91","100","92"
"Yes","STAT_100_L2","100","99.69","92","91.5","100","97"
"Yes","STAT_100_ONL","84.83333","99.49","86","98","100","98"
"Yes","STAT_100_ONL","80.68255","64.25","88","67.5","71","79"
"Yes","STAT_100_ONL","1","84.34","82","86.5","98","90"
"Yes","STAT_100_L2","82.00477","94.74","75","85.5","85","84"
"Yes","STAT_100_L1","73.96271","91.88","50","43","55","54"
"Yes","STAT_100_ONL","75.48255","94.86","88","86.5","81","85"
"Yes","STAT_100_L2","85.98414","94.51","82","85","87","97"
"Yes","STAT_100_ONL","59.63492","89.26","96","89.5","86","88"
"Yes","STAT_100_ONL","71.22222","93.31","83","69.5","77","88"
"Yes","STAT_100_L1","91.40874","97.81","100","96","100","81"
"Yes","STAT_100_L2","69.49207","90.52","87","82.5","74","64"
"Yes","STAT_100_L1","89.83413","99.84","90","88","87","82"
"Yes","STAT_100_L2","60.84127","87.32","94","94","87","97"
"Yes","STAT_100_L1","79.62303","95.99","79","66","83","81"
"Yes","STAT_100_L1","96","100","98","98","100","98"
"Yes","STAT_100_ONL","35.77778","99.35","100","98.5","100","98"
"Yes","STAT_100_L1","72.96825","87.72","90","74","80","79"
"Yes","STAT_100_L2","91.4397","98.09","81","75.5","72","75"
"Yes","STAT_100_L2","99.29762","96.94","91","88","94","97"
"Yes","STAT_100_L2","53.83492","88","92","93","88","84"
"Yes","STAT_100_L1","59.07778","91.26","85","76.5","82","80"
"Yes","STAT_100_L2","83.37778","87.1","72","76.5","83","52"
"Yes","STAT_100_L1","46.68333","65.8","79.5","64.5","67","66"
"Yes","STAT_100_L2","27","20.35","96","63","94","0"
"Yes","STAT_100_L1","99.77778","99.84","85","80","85","90"
"Yes","STAT_100_L2","82.20635","84.59","96","93","90.5","92"
"Yes","STAT_100_L1","57.94048","85.27","92","87.5","78","85"
"Yes","STAT_100_L1","86.83333","100","99","92","94","99"
"Yes","STAT_100_ONL","75.2","95.28","85","75","81","83"
"Yes","STAT_100_L2","98.71429","99.09","94","89.5","98","99"
"Yes","STAT_100_ONL","79.59524","97.77","94","97","85","94"
"Yes","STAT_100_L1","98.68889","96.88","91","80.5","87","90"
"Yes","STAT_100_L1","26.36111","91.09","72","74","90","78"
"Yes","STAT_100_L2","22.14604","62.52","62","54","44","47"
"Yes","STAT_100_L2","87.89842","97.93","98","96","96","83"
"Yes","STAT_100_L1","67.13889","84.23","54.5","72","62","59"
"Yes","STAT_100_L2","93.71429","99.24","98","93.5","99","96"
"Yes","STAT_100_ONL","4","75","86","89","94","93"
"Yes","STAT_100_L2","86.2619","97.14","95","80.5","88","86"
"Yes","STAT_100_L1","97.10159","98.02","84","79.5","87","87"
"Yes","STAT_100_L1","91.35317","98.93","74","92.5","88","88"
"Yes","STAT_100_ONL","98.88096","92.26","90","81.5","69","87"
"Yes","STAT_100_L2","81.88889","96.42","75","74.5","81.5","77"
"Yes","STAT_100_L2","95.71429","96.48","80","77","65","74"
"Yes","STAT_100_L1","67","93.16","88","66.5","92","81"
"Yes","STAT_100_L1","95.92858","95.45","69","64.5","74","69"
"Yes","STAT_100_ONL","65","95.04","95","90.5","94","93"
"Yes","STAT_100_L1","79.97222","97.37","91","89.5","94","95"
"Yes","STAT_100_L2","54.35397","95.35","89","92","97","84"
"Yes","STAT_100_L2","33","56.25","82","53.5","73","64"
"Yes","STAT_100_L2","54.51111","98.3","82","65.5","77","93"
"Yes","STAT_100_L2","60.78889","75.12","83","78","90","83"
"Yes","STAT_100_L1","23.47777","92.19","86","86.5","81","90"
"Yes","STAT_100_ONL","49.88097","96.01","73","59","69","71"
"Yes","STAT_100_L2","56.11111","97.78","84","91.5","93","92"
"Yes","STAT_100_ONL","87.2619","98.76","89","82.5","90","92"
"Yes","STAT_100_L1","88.40636","96.75","93","85","77","97"
"Yes","STAT_100_ONL","92.9762","99.36","97","90.5","89","88"
"Yes","STAT_100_ONL","84.16667","98.25","60","70","78","64"
"Yes","STAT_100_L1","60.66666","58.4","82","87.5","82","75"
"Yes","STAT_100_L1","95.08333","99.21","98","96","93","96"
"Yes","STAT_100_L2","95.98097","98.01","98","93.5","90","98"
"Yes","STAT_100_ONL","70.22222","98.22","87","75","88","91"
"Yes","STAT_100_L1","87.95874","91.11","82","63","72","60"
"Yes","STAT_100_L1","72.61111","98.91","96","92","90","95"
"No","STAT_100_ONL","0","","","","",""
"Yes","STAT_100_L1","61.33333","94.38","88","79","82.5","67"
"Yes","STAT_100_L2","54.34286","89.13","89","73.5","96","85"
"Yes","STAT_100_L2","99","99.2","90","78","94","84"
"Yes","STAT_100_L1","14.08333","98.25","86","91.5","100","93"
"Yes","STAT_100_L2","66.97778","90.74","86","64.5","65","76"
"Yes","STAT_100_L2","62","99.68","100","97.5","98","99"
"Yes","STAT_100_ONL","78.15556","84.42","80","67","78","77"
"Yes","STAT_100_L1","86.30555","99.68","100","99","96","97"
"Yes","STAT_100_L2","85.80159","92.6","87","75","93","75"
"Yes","STAT_100_L2","99.71429","99.67","98","92.5","93","93"
"Yes","STAT_100_ONL","55.44444","85.48","76","67","66","66"
"Yes","STAT_100_L2","86.00001","97.9","85","79","86","91"
"Yes","STAT_100_L2","31.39524","88.29","81","67.5","67","74"
"Yes","STAT_100_L2","50","79.94","94","86","96","96"
"Yes","STAT_100_L1","64.02778","99.2","93","95.5","95","92"
"Yes","STAT_100_ONL","33.31111","99","94","92.5","99","92"
"Yes","STAT_100_L2","58","41.13","94","83.5","85","91"
"Yes","STAT_100_ONL","14","93.2","94","96.5","86.5","78"
"Yes","STAT_100_ONL","61.8","91.77","87","78","78","81"
"Yes","STAT_100_ONL","8.57778","60.28","67","65","46",""
"Yes","STAT_100_ONL","99.26985","97.58","96","96.5","98","96"
"Yes","STAT_100_L1","99.41111","99.18","97","91","95","99"
"Yes","STAT_100_L1","46.13888","72.93","65","76","88","90"
"Yes","STAT_100_ONL","46.77778","98.06","87","95.5","98","91"
"Yes","STAT_100_L1","40.61111","46.38","79","89.5","84","85"
"Yes","STAT_100_L2","80.73333","92.41","92","97.5","95","95"
"Yes","STAT_100_ONL","32.87302","96.62","88","85.5","96","89"
"Yes","STAT_100_L1","81.83333","86.46","93","89.5","98","96"
"Yes","STAT_100_L1","78.53969","83.23","89","86.5","84","89"
"Yes","STAT_100_ONL","19","89.47","91","84","89","89"
"Yes","STAT_100_L1","98","100","82","78.5","91","90"
"Yes","STAT_100_L1","62.24208","86.06","96","81.5","93","91"
"Yes","STAT_100_ONL","85.9","95.93","81","88.5","78","91"
"Yes","STAT_100_L2","87.99049","97.22","87","82","88","95"
"Yes","STAT_100_L2","90.98096","99.36","92","89.5","96","90"
"Yes","STAT_100_L2","85.29524","95.28","92","93.5","99","95"
"Yes","STAT_100_ONL","66.66667","69.11","92","90","95","96"
"Yes","STAT_100_L2","81.94446","95.49","58","71","70","65"
"Yes","STAT_100_ONL","92.16667","99.53","85","85","92","94"
"Yes","STAT_100_L2","69","94.12","85","76","85","80"
"Yes","STAT_100_L2","62","93.56","94","68.5","84","94"
"Yes","STAT_100_L2","71.46032","96.26","83","65","83","70"
"Yes","STAT_100_L1","98.4508","95.92","97","92","90.5","91"
"Yes","STAT_100_ONL","99.71429","100","100","94.5","100","97"
"Yes","STAT_100_L1","87.8254","97.6","87","77","82","77"
"Yes","STAT_100_L1","83.86985","96.13","79","75.5","86","92"
"Yes","STAT_100_L2","98.68889","99.85","100","96","95","97"
"Yes","STAT_100_L2","81.58096","94.85","82","73","84","80"
"Yes","STAT_100_L2","59.90476","71.87","64","60","91","70"
"Yes","STAT_100_L1","85.62541","95.66","76","74.5","83","89"
"Yes","STAT_100_ONL","67.80001","84.75","92","88.5","81","82"
"Yes","STAT_100_L1","73.8262","95.6","96","86.5","95","96"
"Yes","STAT_100_L1","88.58334","94.11","88","86.5","86.5","77"
"Yes","STAT_100_ONL","92.76985","95.98","81","79","82","80"
"Yes","STAT_100_ONL","94.21429","99.23","90","90.5","91","96"
"Yes","STAT_100_ONL","92.29524","95.48","86","76.5","69.5","86"
"Yes","STAT_100_L1","91.72224","97.38","87.5","73.5","92","86"
"Yes","STAT_100_ONL","88.8","93.81","96","93","88","97"
"Yes","STAT_100_ONL","30.09208","72.96","64","46.5","70","55"
"Yes","STAT_100_L1","91.77778","99.84","82","80","95","90"
"Yes","STAT_100_L2","47.94445","97.62","96","88","88","79"
"Yes","STAT_100_L2","79.8","89.63","78","75.5","81","76"
"Yes","STAT_100_L1","84.13652","97.65","90","73.5","96","84"
"Yes","STAT_100_L2","85.0254","99.23","72","68.5","77","72"
"Yes","STAT_100_ONL","100","100","98","89.5","96","84"
"Yes","STAT_100_ONL","83.53334","93.57","92","89","85","89"
"Yes","STAT_100_L2","93.89762","92.98","70","55.5","79","73"
"Yes","STAT_100_ONL","91","99.69","88","89.5","97","87"
"Yes","STAT_100_L1","80.90318","91.97","91","68","86","86"
"Yes","STAT_100_L1","98.63492","96.56","77","71","83","74"
"Yes","STAT_100_L2","98.61111","99.67","96","96.5","94","99"
"Yes","STAT_100_ONL","21","83.9","68","72.5","82","76"
"Yes","STAT_100_ONL","0","0","","","",""
"Yes","STAT_100_L1","97.71429","98.77","97","93","100","97"
"Yes","STAT_100_ONL","77.12223","91.82","94","88","88","86"
"Yes","STAT_100_ONL","38.8","97.21","95","91","93","88"
"Yes","STAT_100_L1","57.56111","61.66","76","64","72","74"
"Yes","STAT_100_L1","64.68652","89.79","68","72","81","77"
"Yes","STAT_100_L2","72.79205","93.06","87","88.5","95","87"
"Yes","STAT_100_L2","93.93334","98.9","86","81.5","74","74"
"Yes","STAT_100_L2","72.83333","89.06","96","87.5","82","81"
"Yes","STAT_100_L2","97.09207","98.48","72","78.5","90","79"
"Yes","STAT_100_L1","21.33333","75.68","91","87","87","83"
"Yes","STAT_100_ONL","68.71112","66.78","98","97","92","95"
"Yes","STAT_100_L2","99.77778","98.15","91","90.5","98","92"
"Yes","STAT_100_L1","73.31746","98.98","96","97","85","96"
"Yes","STAT_100_L1","99.21429","99.18","96","96.5","96","98"
"Yes","STAT_100_ONL","43.91111","94.44","86","92","96","77"
"Yes","STAT_100_L2","94.77778","96.2","89","72","71","73"
"Yes","STAT_100_L1","57.29762","85.34","89","87.5","99","89"
"Yes","STAT_100_L1","84.55556","97.7","98","86","98","94"
"Yes","STAT_100_L2","88.10319","96.76","82","92","84","89"
"Yes","STAT_100_ONL","45.28571","62.44","70","65","67","65"
"Yes","STAT_100_L2","50.28571","82.83","90","86","91","78"
"Yes","STAT_100_L1","96.01984","100","86","92.5","97","98"
"Yes","STAT_100_L1","87.44445","95.81","87","79.5","73.5","87"
"Yes","STAT_100_L1","81.56348","99.22","97","93.5","88","86"
"Yes","STAT_100_ONL","93.59525","93.57","73","67","80","80"
"Yes","STAT_100_L2","48.66667","97.03","100","95.5","96","95"
"Yes","STAT_100_ONL","47","100","86","87.5","76","91"
"Yes","STAT_100_L2","23.28571","97.93","98","94","84","87"
"Yes","STAT_100_L2","95.36667","99.21","92","96.5","99","97"
"Yes","STAT_100_L1","92.16667","99.16","91","84.5","83","90"
"Yes","STAT_100_ONL","9","18.21","56","","",""
"Yes","STAT_100_L1","87.62935","99.07","79","91","90","96"
"Yes","STAT_100_L2","93.07937","97.7","84","83.5","91","72"
"Yes","STAT_100_L1","68.0873","95.06","89","96","89","89"
"Yes","STAT_100_ONL","83.6619","83.47","95","93.5","80","99"
"Yes","STAT_100_ONL","37.77778","86.46","100","72","85","87"
"Yes","STAT_100_L2","77.97143","97.35","84","73","85","80"
"Yes","STAT_100_L1","53.91666","85.19","98","98","100","99"
"Yes","STAT_100_ONL","59.94445","93.9","77","82","77","82"
"Yes","STAT_100_L1","42.91666","82.01","100","99.5","98","98"
"Yes","STAT_100_L1","66.73968","90.42","83","73","64","57"
"Yes","STAT_100_L2","90.26985","97.87","89","82.5","78","80"
"Yes","STAT_100_L2","68.95873","92.94","85.5","79.5","75","71"
"Yes","STAT_100_L1","45.50555","65.09","91","75","83","77"
"Yes","STAT_100_ONL","91","98.89","91","97","98","94"
"Yes","STAT_100_L1","60.37222","85.95","93","90","93","96"
"Yes","STAT_100_L2","70","91.3","85","82.5","78","74"
"Yes","STAT_100_L2","87.86191","96.34","88","82","92","79"
"Yes","STAT_100_ONL","48.21429","98.71","93","99","95","92"
"Yes","STAT_100_L2","71.16667","95.85","90","81","73","72"
"Yes","STAT_100_ONL","94.41112","97.12","96","86","86","94"
"Yes","STAT_100_L1","98.88096","97.91","78","86.5","88","88"
"Yes","STAT_100_L1","78.45397","92.62","85","65.5","81","85"
"Yes","STAT_100_ONL","39.30319","88.35","69","64","69","63"
"Yes","STAT_100_L2","100","100","94","97","96","98"
"Yes","STAT_100_ONL","91","99.51","88","81","90","91"
"Yes","STAT_100_L2","81.02857","98.56","91","84","83","76"
"Yes","STAT_100_ONL","99.86667","98.33","90","95","96","96"
"Yes","STAT_100_L1","85.94922","80.13","45","38.5","49","57"
"Yes","STAT_100_L1","92.34763","96.86","93","79","90","88"
"Yes","STAT_100_ONL","4","0","","","",""
"Yes","STAT_100_L2","61.45239","85.81","92","81","75","60"
"Yes","STAT_100_L1","98.55556","98.05","82","86.5","98","73"
"Yes","STAT_100_L2","90.28175","97.94","92","85","79","92"
"Yes","STAT_100_L2","92.14921","98.53","96","89","92.5","90"
"Yes","STAT_100_ONL","1","95.83","93","98.5","93","93"
"Yes","STAT_100_ONL","58.44444","65.93","57","66","74","70"
"Yes","STAT_100_ONL","57.66667","52.73","92","86.5","86","90"
"Yes","STAT_100_L2","44.72222","97.68","90","92","100","83"
"Yes","STAT_100_ONL","99.71429","98.56","81","89","79.5","84"
"Yes","STAT_100_L1","89.13888","98.01","97","88.5","93","95"
"Yes","STAT_100_L2","87","98.78","88","89.5","88","95"
"Yes","STAT_100_L1","92.61111","97.35","87","85","85","93"
"Yes","STAT_100_L1","56.13889","98.48","100","96.5","100","98"
"Yes","STAT_100_ONL","59","97.75","100","94.5","87","93"
"Yes","STAT_100_L1","81.95078","98.01","71","69.5","61","68"
"Yes","STAT_100_L1","78.6","94.83","98","92.5","95","95"
"Yes","STAT_100_ONL","93.76667","82.33","91","83","81","96"
"Yes","STAT_100_L1","54.91111","95.68","82","80.5","88.5","92"
"Yes","STAT_100_L2","79.03334","81.4","72","57","60.5","55"
"Yes","STAT_100_L1","96.27778","96.82","91","71","88","94"
"Yes","STAT_100_L1","93.7381","96.6","65","46.5","78","59"
"Yes","STAT_100_L2","93.82541","99.04","90","99","94","83"
"Yes","STAT_100_ONL","46.26985","98.7","100","99","94","96"
"Yes","STAT_100_ONL","14.77777","92.22","93","89.5","98","83"
"Yes","STAT_100_L2","95.38889","96.97","91.5","86.5","83.5","95"
"Yes","STAT_100_L2","71.22222","98.19","94","93.5","96","90"
"Yes","STAT_100_ONL","77.81429","83.82","70","58.5","67","67"
"Yes","STAT_100_L2","59","86","92","74","81","71"
"Yes","STAT_100_L1","88.65318","95.38","81","71","78","79"
"Yes","STAT_100_L1","100","100","100","98.5","100","96"
"Yes","STAT_100_ONL","69.96509","90.74","64","54.5","64.5","57"
"Yes","STAT_100_ONL","63.66667","74.65","60","77","74","76"
"Yes","STAT_100_L1","99.38889","99.54","88","96.5","92","94"
"Yes","STAT_100_L1","99","99.67","89","97","100","98"
"Yes","STAT_100_L2","54.71429","94.6","78","83.5","86","77"
"Yes","STAT_100_L2","88.11112","88.62","91","84.5","92","89"
"Yes","STAT_100_L2","91.54287","96.88","89","89","88","85"
"Yes","STAT_100_L2","8","49.45","68","47","63","0"
"Yes","STAT_100_L2","100","99.53","89","93","98","89"
"Yes","STAT_100_L2","84.05397","94.85","82","84","93","91"
"Yes","STAT_100_L2","77.50159","98.03","94","89","95","94"
"Yes","STAT_100_ONL","99.49207","96.53","84","81.5","92","96"
"Yes","STAT_100_ONL","76.65874","96.5","92","82","86.5","81"
"Yes","STAT_100_L2","83.66667","87.76","83","90.5","71","92"
"Yes","STAT_100_ONL","99.44445","97.77","84","89","87","91"
"Yes","STAT_100_L1","71.13889","69.55","96","64","89","86"
"Yes","STAT_100_L1","66.02222","97.51","100","97","90","93"
"Yes","STAT_100_L2","95.66667","98.57","90","94.5","96","91"
"Yes","STAT_100_L2","83.79207","96.24","79","76.5","77","82"
"Yes","STAT_100_L1","70.02778","96.59","56","72","61","69"
"Yes","STAT_100_L2","96.3254","98.69","79","77.5","83","94"
"Yes","STAT_100_L1","82.90079","97.37","90","92","98","93"
"Yes","STAT_100_L1","89.66667","98.99","89","79.5","89","90"
"Yes","STAT_100_ONL","82.49207","99.05","98","93.5","90","94"
"Yes","STAT_100_L1","92.68333","99.36","88","93.5","99","92"
"Yes","STAT_100_ONL","17","97.24","80","79","79","81"
"Yes","STAT_100_L2","60.33333","94.19","92","93.5","91","95"
"Yes","STAT_100_L2","91.95081","97.3","82","78","85","84"
"Yes","STAT_100_L1","89.58334","98.02","80","80.5","88","92"
"Yes","STAT_100_L2","63.93096","78.8","40","43","64","25"
"Yes","STAT_100_L2","90.33334","97.26","55","76","87.5","74"
"Yes","STAT_100_L2","84.44444","97.34","93","92","83.5","89"
"Yes","STAT_100_L2","46.03333","59.09","70","56.5","65","79"
"Yes","STAT_100_L2","47","73.19","61","83","75","70"
"Yes","STAT_100_ONL","50.86667","96.99","80","94.5","100","85"
"Yes","STAT_100_L1","73","98.66","90","80.5","89","84"
"Yes","STAT_100_ONL","57","75.83","43","54","56","50"
"Yes","STAT_100_L2","81.99842","94.08","94","82.5","83","77"
"Yes","STAT_100_ONL","74.82223","52.13","59","54","54","54"
"Yes","STAT_100_L2","29.26667","89.89","91","84","85","85"
"Yes","STAT_100_ONL","54.38889","98.23","94","94","94","92"
"Yes","STAT_100_ONL","27","97.89","94","93","92","89"
"Yes","STAT_100_L2","63","79.93","87","88","83","86"
"Yes","STAT_100_ONL","13","98.57","92","90.5","94","85"
"Yes","STAT_100_ONL","38.30953","53.17","71","63.5","82","61"
"Yes","STAT_100_L2","85.77778","96.86","87","89","74","86"
"Yes","STAT_100_L2","95.77778","99.38","96","98","94","86"
"Yes","STAT_100_L2","91.14286","97.36","92","70","87","89"
"Yes","STAT_100_L2","23.5","26.13","86","78","78","73"
"Yes","STAT_100_L1","69.8","95.43","80","63.5","82.5","62"
"Yes","STAT_100_L1","95.77778","99.53","98","96.5","93.5","93"
"Yes","STAT_100_L2","30","33.73","74","30","62","52"
"Yes","STAT_100_L1","69.21428","76.7","58","46","57","62"
"Yes","STAT_100_ONL","31.33333","90.3","74","82.5","83","88"
"Yes","STAT_100_L1","99.77778","99.24","94","85","88","86"
"Yes","STAT_100_L1","96.64446","97.41","90","95.5","95","98"
"Yes","STAT_100_ONL","74.93334","85.37","85","86.5","96","89"
"Yes","STAT_100_ONL","70.16667","95.69","90","78","69","80"
"Yes","STAT_100_L1","85.5","99.68","96","94.5","98","97"
"Yes","STAT_100_ONL","67","89.08","89","81","85","88"
"Yes","STAT_100_L2","68.34762","95.18","94","89","96","77"
"Yes","STAT_100_L2","92.69208","80.1","91","77.5","81","94"
"Yes","STAT_100_L2","69.36825","92.31","66","73.5","83","87"
"Yes","STAT_100_ONL","86.85556","95.92","73","72","86","69"
"Yes","STAT_100_L2","5","73.67","59","86","66","76"
"Yes","STAT_100_ONL","85.49207","94.81","80","79","95","83"
"Yes","STAT_100_L2","73.33334","57.1","88","56","71","64"
"Yes","STAT_100_L2","95.46667","99.04","94","82.5","85","78"
"Yes","STAT_100_ONL","71.20635","83.81","96","97","97","96"
"Yes","STAT_100_L1","82.7016","95.3","67","66","75.5","55"
"Yes","STAT_100_L1","98.44445","99.7","96","98.5","100","99"
"Yes","STAT_100_L1","99.53333","99.54","94","96","94","96"
"Yes","STAT_100_ONL","93.04445","92.01","45","47.5","85","66"
"Yes","STAT_100_ONL","61.22223","70.26","82","64","77","86"
"Yes","STAT_100_ONL","15","40.54","88","69","",""
"Yes","STAT_100_L2","86","93.15","85","81.5","97","90"
"Yes","STAT_100_L2","83.96667","99.05","91","88.5","89","92"
"Yes","STAT_100_ONL","16.28889","61.91","98","87","89","89"
"Yes","STAT_100_ONL","65","95.7","89","81.5","89","81"
"Yes","STAT_100_ONL","38.38096","96.89","100","93.5","90","98"
"Yes","STAT_100_ONL","98.07778","96.06","93","90.5","86","96"
"Yes","STAT_100_L1","95.74206","98.81","94","85","92","87"
"Yes","STAT_100_L2","99.27778","99.83","100","94.5","100","100"
"Yes","STAT_100_ONL","84.41269","80.49","80","79.5","89","80"
"Yes","STAT_100_L1","57.07777","96.92","90","95.5","89","93"
"Yes","STAT_100_ONL","58.07778","89.59","71","73","85","81"
"Yes","STAT_100_ONL","54.02541","97.91","82","85.5","95","85"
"Yes","STAT_100_L1","99.77778","99.39","98","100","100","99"
"Yes","STAT_100_L2","71.61667","82.02","89","88.5","84","96"
"Yes","STAT_100_ONL","89.24603","98.62","91","86","92","85"
"Yes","STAT_100_L2","82.33333","99.54","88","74","92","83"
"Yes","STAT_100_L1","33.19444","61.02","86","81.5","85","0"
"Yes","STAT_100_L1","45.36111","41.22","87","76","89","77"
"Yes","STAT_100_ONL","80.04763","94.58","100","97","89","84"
"Yes","STAT_100_L2","88","99","71","73","70","56"
"Yes","STAT_100_ONL","86.49048","97.15","94","83","97","88"
"Yes","STAT_100_L1","76.46429","98.42","65","75","82","79"
"Yes","STAT_100_L1","83.33333","88.94","57","64","78","75"
"Yes","STAT_100_L2","82.77778","74.75","90","83.5","90","80"
"Yes","STAT_100_L1","82.36985","86.08","88","70.5","81","81"
"Yes","STAT_100_L2","100","100","91","80.5","87","89"
"Yes","STAT_100_L1","98.09207","92.73","65","74.5","73","75"
"Yes","STAT_100_L1","76.98016","96.52","71","68","60","54"
"Yes","STAT_100_L2","97.45874","97.74","92","91","90","90"
"Yes","STAT_100_L1","93.71429","98.03","85","93.5","92","87"
"Yes","STAT_100_ONL","34.46667","88.05","100","94.5","96","93"
"Yes","STAT_100_L2","90.51429","93.52","99","94.5","85","90"
"Yes","STAT_100_L2","98.84763","98.86","76","64.5","85","66"
"Yes","STAT_100_ONL","7","75.64","81","81.5","89","86"
"Yes","STAT_100_L1","50","98","98","82","95","90"
"Yes","STAT_100_ONL","30.61905","96.57","98","96","98","96"
"Yes","STAT_100_ONL","92.45635","93.75","87","86.5","85.5","87"
"Yes","STAT_100_ONL","80.13334","83.44","85","91","94","92"
"Yes","STAT_100_L1","54.97222","79.34","86","67.5","85","84"
"Yes","STAT_100_ONL","75.14287","87.73","88","85","80","82"
"Yes","STAT_100_L2","93.42857","100","94","98.5","96","98"
"Yes","STAT_100_L2","57.96509","85.24","80","64","74","75"
"Yes","STAT_100_ONL","81","93.93","82","77","90","86"
"Yes","STAT_100_L1","74.39763","83.31","51","53","66","59"
"Yes","STAT_100_L1","80.93334","97.87","79","78","90","82"
"Yes","STAT_100_ONL","46.89207","98.92","92","93.5","100","93"
"Yes","STAT_100_L1","93.52777","94.71","64","67.5","71","69"
"Yes","STAT_100_L2","99.55556","98.88","90","90","91","88"
"Yes","STAT_100_L2","87.23651","97.14","93","94.5","88","89"
"Yes","STAT_100_L2","96.11112","95.56","92","87.5","80","77"
"Yes","STAT_100_L2","96","99.38","100","90","92","91"
"Yes","STAT_100_ONL","99.71429","99.18","95","96","96","91"
"Yes","STAT_100_L1","47.02778","99.33","95","96.5","99","94"
"Yes","STAT_100_ONL","31.66667","94.88","91","94.5","94","94"
"Yes","STAT_100_L1","73.47222","99.5","96","91.5","98","98"
"Yes","STAT_100_L1","73.57778","97.05","86","82.5","84","83"
"Yes","STAT_100_L2","69.72065","78.74","47","41","81","44"
"Yes","STAT_100_L1","87.97301","94.67","76","81","91","77"
"Yes","STAT_100_L2","73.63889","79.72","75","76","92","69"
"Yes","STAT_100_ONL","93.61111","100","94","94.5","94","96"
"Yes","STAT_100_L1","65","99.52","92","91","96","95"
"Yes","STAT_100_L2","58.36111","93.8","90","96","95","88"
"Yes","STAT_100_L1","91.28889","99.22","89","75.5","92","91"
"Yes","STAT_100_L1","63.51666","98.51","78","69","84","85"
"Yes","STAT_100_L1","80.3254","96.21","78","67.5","83","77"
"Yes","STAT_100_L1","47.41666","95.26","69","73","84","73"
"Yes","STAT_100_L2","78.13652","94.2","87","71.5","87","82"
"Yes","STAT_100_L1","89.38096","98.31","92","84.5","84","87"
"Yes","STAT_100_ONL","92.41667","95.16","91","86","93","94"
"Yes","STAT_100_L1","83.15873","97.66","90","96","92","95"
"Yes","STAT_100_L1","89.83333","99.36","94","90.5","91","99"
"Yes","STAT_100_L2","54.21111","70.43","86","80","89","64"
"Yes","STAT_100_L2","34.2","68.31","77","79.5","82","67"
"Yes","STAT_100_ONL","49.10319","97.61","94","89","94","92"
"Yes","STAT_100_ONL","82","96","79.5","72.5","92","85"
"Yes","STAT_100_L2","73.65238","96.52","83","51","82","81"
"Yes","STAT_100_L2","90.02858","97.21","91","96.5","90","85"
"Yes","STAT_100_ONL","44.83333","95.5","93","91.5","86","85"
"Yes","STAT_100_L1","99.49207","100","96","97","94","99"
"Yes","STAT_100_ONL","84.48255","76.11","95","95","85","77"
"Yes","STAT_100_L2","93.61112","94.77","60","53.5","54","50"
"Yes","STAT_100_L2","59.11111","77.54","53","65.5","69.5","55"
"Yes","STAT_100_L2","14.14286","89.38","65","56","47","54"
"Yes","STAT_100_L2","51.26985","85.87","98","93","97","93"
"Yes","STAT_100_L1","80.10158","98.39","87","90","96","98"
"Yes","STAT_100_ONL","99.83333","95.65","62","61","59","58"
"Yes","STAT_100_L2","67.5","97.67","86","90.5","90","82"
"Yes","STAT_100_ONL","32.88096","94.68","90","91","91","84"
"Yes","STAT_100_ONL","37.66509","85.58","70","56","68","68"
"Yes","STAT_100_L1","63.8611","93.81","74","80.5","82","79"
"Yes","STAT_100_L1","95.69365","92.62","85","74.5","88","82"
"Yes","STAT_100_L2","58","91.17","99","81","83.5","97"
"Yes","STAT_100_ONL","70.80953","91.9","85","65.5","75","86"
"Yes","STAT_100_ONL","100","100","92","97.5","99","97"
"Yes","STAT_100_ONL","96.73176","96.97","93","88","91","94"
"Yes","STAT_100_L2","90.49207","96.89","68.5","64","60","52"
"Yes","STAT_100_ONL","45.94603","96.04","81","66","69","74"
"Yes","STAT_100_L2","91.07302","94.55","54","43","75","54"
"Yes","STAT_100_L2","94.28889","97.7","96","92","89","81"
"Yes","STAT_100_L1","90.22222","99.5","97","99","100","98"
"Yes","STAT_100_L1","98.27778","99.19","89","96.5","96","96"
"Yes","STAT_100_L2","98","99.32","96","90.5","90","97"
"Yes","STAT_100_L2","93.96667","96.65","89","81.5","91","91"
"No","STAT_100_L1","0","0","","","",""
"Yes","STAT_100_L1","58.29365","63.41","72","71.5","77","72"
"Yes","STAT_100_ONL","94.19047","95.14","73","66","84","79"
"Yes","STAT_100_ONL","92.15874","86.28","81","76.5","85","81"
"Yes","STAT_100_L1","53.4111","98.67","99","99","100","97"
"Yes","STAT_100_ONL","97.29207","99.52","100","98","93","95"
"Yes","STAT_100_L1","74.61111","90.41","74","71","55","71"
"Yes","STAT_100_L2","34","92.94","72","74","85","77"
"Yes","STAT_100_L2","71.04762","98.86","94","89.5","92","88"
"Yes","STAT_100_ONL","22","92.56","76","86.5","76","77"
"Yes","STAT_100_L2","72.54603","78.27","68","69.5","56.5","69"
"Yes","STAT_100_L2","66.11112","88.91","87","69","88","85"
"Yes","STAT_100_L2","79.06667","94.65","80","86","83","93"
"Yes","STAT_100_ONL","55.55556","93.59","89","73","92","85"
"Yes","STAT_100_L1","91.7619","98.57","93","93","96","89"
"Yes","STAT_100_ONL","72.55555","98.59","92","81.5","89","94"
"Yes","STAT_100_L1","70.05555","97.53","85","83.5","90","83"
"Yes","STAT_100_L2","96.42857","97.19","75","85.5","93","91"
"Yes","STAT_100_L2","89.91668","96.36","88","81","76.5","70"
"Yes","STAT_100_L1","96.5","100","92","94.5","95.5","94"
"Yes","STAT_100_L1","32.63889","83.52","84","90.5","94","87"
"Yes","STAT_100_L2","72.16033","91.33","92","84","96","81"
"Yes","STAT_100_L1","68.75","93.31","71","69.5","69","69"
"Yes","STAT_100_ONL","0","0","","","",""
"Yes","STAT_100_ONL","78","98.02","92","97.5","100","98"
"Yes","STAT_100_L1","53.75","98.16","89","95","95","98"
"Yes","STAT_100_ONL","76.33334","63.55","91","93.5","72","82"
"Yes","STAT_100_L2","96.44445","98.15","87","95","90","98"
"Yes","STAT_100_ONL","53","100","83","98.5","98","98"
"Yes","STAT_100_L1","2.08333","12.18","39","0","0","0"
"Yes","STAT_100_L2","79.44444","99.19","81","67.5","83","74"
"Yes","STAT_100_L1","92.16429","95.67","54","47.5","59","56"
"Yes","STAT_100_L1","68.25001","78.96","83","80.5","87","85"
"Yes","STAT_100_L1","66.8873","85.08","72","67.5","64","65"
"Yes","STAT_100_ONL","89.86667","95.95","73.5","94","92","85"
"Yes","STAT_100_ONL","1.5","71.64","73","48.5","73","64"
"Yes","STAT_100_L2","82.55556","98.76","99","91.5","92","99"
"Yes","STAT_100_L2","40.77778","81.83","74","73.5","67","82"
"Yes","STAT_100_L2","52.1","89.2","59","50","58","55"
